449.0;411.0;582.5;403.5;723.0;392.0;895.5;389.0
449.0;411.0;582.5;402.5;723.0;391.5;895.5;389.0
449.0;411.0;582.5;402.5;723.0;391.5;895.5;389.0
449.5;410.5;582.5;402.5;723.5;391.5;894.5;389.0
449.5;411.0;581.5;402.5;723.0;392.0;895.0;389.5
449.5;411.5;581.5;403.5;723.5;392.5;894.5;390.0
450.0;412.0;581.5;403.5;722.0;393.0;894.5;390.0
450.0;411.0;582.0;403.0;722.5;393.5;894.5;390.0
449.0;411.0;581.5;403.5;723.0;393.5;894.5;390.0
449.5;411.5;581.5;403.5;723.0;393.5;894.5;390.0
449.5;411.5;581.5;403.5;723.5;394.0;894.5;390.0
449.5;411.5;581.5;403.5;723.0;394.0;894.5;390.0
449.5;411.5;581.5;403.5;723.5;393.0;894.5;390.0
449.5;411.5;582.5;402.5;723.5;393.0;894.5;390.0
449.5;411.5;581.5;403.5;723.5;392.0;894.5;390.0
450.5;411.5;582.0;403.0;723.0;392.5;894.5;390.0
449.5;412.0;581.5;403.5;723.5;393.0;894.0;390.5
449.5;411.5;581.5;403.5;723.5;393.0;894.0;390.5
450.5;412.5;582.5;402.5;723.5;393.0;895.0;390.5
450.0;411.0;582.0;403.0;723.5;393.0;894.5;391.0
449.5;411.5;582.5;403.5;723.0;392.5;895.0;390.5
450.5;412.0;582.5;403.5;724.0;393.5;894.5;391.0
450.5;412.5;582.5;404.5;724.0;394.5;895.0;391.5
450.5;412.5;583.0;405.0;724.5;394.0;895.0;391.5
451.5;412.5;582.5;404.5;724.0;392.5;896.0;391.5
451.0;411.0;582.5;403.5;724.0;393.5;895.5;391.0
451.0;411.0;583.5;404.0;724.5;393.0;895.5;390.0
451.5;411.0;583.5;404.5;724.5;393.0;895.5;390.0
451.5;410.5;584.0;404.0;725.5;393.0;896.0;390.5
452.5;411.0;585.0;404.0;725.5;393.0;897.0;390.5
452.0;411.0;584.5;403.5;725.0;393.5;896.5;391.0
452.5;410.5;585.5;403.5;725.5;394.0;897.5;391.0
452.5;411.5;584.5;403.5;726.5;394.0;897.5;391.0
453.5;411.5;585.0;404.0;726.5;393.0;897.0;391.5
453.5;411.5;585.5;403.5;727.0;392.5;897.5;391.0
453.5;411.0;585.5;402.5;727.5;393.0;897.5;391.0
454.5;411.5;587.0;403.0;727.5;393.0;898.5;390.0
454.5;411.5;587.0;402.0;727.5;393.0;898.5;390.0
454.5;410.5;586.5;402.5;727.5;393.0;898.5;390.0
455.0;411.0;587.5;402.5;728.0;392.5;899.0;389.5
455.0;410.0;587.5;402.5;728.5;393.0;899.5;390.0
454.5;410.5;587.5;402.5;728.5;393.0;899.0;389.5
456.0;412.0;587.0;403.0;728.5;393.0;900.0;390.5
455.5;410.5;586.5;402.5;728.5;393.0;900.0;390.5
454.5;410.5;587.5;402.5;728.0;392.5;899.0;389.5
454.0;410.0;586.5;402.5;727.5;392.0;898.5;390.0
454.5;410.5;587.5;402.5;728.0;391.5;898.5;390.0
454.5;410.5;586.5;402.5;728.5;392.0;898.5;390.0
455.0;410.0;587.0;402.0;728.5;392.0;898.5;390.0
455.5;408.5;587.5;403.5;729.0;392.5;899.5;390.0
456.5;408.5;589.5;404.5;730.0;392.5;899.5;389.0
457.5;407.5;589.5;406.5;730.5;395.0;900.5;389.0
458.5;405.5;590.5;407.5;732.0;396.0;900.5;390.0
459.0;406.0;592.5;410.5;732.5;398.5;902.5;392.0
459.5;404.5;591.5;412.5;733.0;402.0;902.5;392.0
461.0;405.0;593.5;414.5;734.0;403.0;902.5;392.0
461.0;406.0;593.5;417.5;735.0;406.0;903.5;393.0
463.0;410.0;596.0;421.0;735.5;406.5;904.0;391.5
464.0;413.0;597.0;424.0;737.5;408.5;904.5;392.0
464.5;417.5;597.0;427.0;738.5;408.5;903.5;392.0
466.5;422.5;598.5;431.5;738.5;411.5;904.5;392.0
467.0;428.0;601.5;435.5;740.0;414.0;905.5;392.0
468.0;433.0;601.5;439.5;741.0;416.0;905.0;392.5
469.0;438.0;604.5;446.5;742.5;419.0;906.5;394.0
471.0;443.0;605.5;450.5;744.5;422.0;906.5;395.0
472.5;448.5;607.5;454.5;746.0;425.5;907.0;395.5
474.0;454.0;608.5;458.5;747.5;428.0;908.0;396.5
476.5;458.5;611.5;463.5;749.5;430.0;908.5;396.0
477.5;463.5;614.5;467.5;750.5;431.0;909.5;396.0
478.5;468.5;615.5;470.5;752.5;432.0;910.5;396.0
479.5;472.5;617.5;474.5;753.5;433.0;910.5;397.0
481.0;477.0;618.5;476.5;755.0;435.5;911.5;397.0
481.5;478.5;620.5;480.5;756.5;437.0;912.5;397.0
484.5;479.5;622.5;480.5;757.5;438.0;912.5;398.0
484.0;481.0;623.5;483.5;759.0;438.5;914.5;398.0
486.5;480.5;625.5;482.5;760.5;439.0;914.5;398.0
487.5;480.5;626.5;483.5;761.5;439.0;914.5;398.0
488.0;480.0;626.5;482.5;761.0;439.5;915.5;398.0
488.5;478.5;626.5;481.5;761.0;438.5;915.5;398.0
487.5;477.5;625.5;480.5;760.0;437.5;914.5;398.0
487.0;474.0;624.5;479.5;759.5;438.0;914.5;398.0
486.0;471.0;622.5;477.5;756.5;436.0;913.5;397.0
484.5;467.5;620.5;476.5;755.5;436.0;913.5;397.0
483.0;464.0;617.5;472.5;753.5;436.0;912.5;397.0
481.0;460.0;615.5;471.5;753.0;435.5;911.5;398.0
479.0;456.0;612.5;467.5;750.0;434.5;910.5;398.0
477.5;454.5;611.5;463.5;747.0;432.5;910.5;397.0
473.5;452.5;607.5;460.5;746.0;429.5;907.5;396.0
472.5;449.5;605.5;456.5;744.0;426.5;908.0;395.5
469.5;449.5;603.5;451.5;742.0;423.5;907.5;395.0
467.0;446.0;600.5;447.5;739.5;421.0;906.5;395.0
464.0;445.0;597.5;442.5;738.5;418.0;904.5;394.0
462.5;442.5;595.5;437.5;735.5;415.0;904.5;394.0
461.5;439.5;594.5;433.5;734.5;411.0;902.5;394.0
461.0;437.0;591.5;429.5;731.5;408.0;901.5;393.0
460.0;434.0;591.5;424.5;730.5;404.0;900.5;391.0
458.5;429.5;589.5;420.5;729.5;401.0;898.5;391.0
457.0;424.0;588.5;414.5;728.5;398.0;898.5;391.0
457.0;419.0;588.5;409.5;728.5;395.0;897.5;390.0
457.0;413.0;588.5;405.5;727.5;393.0;896.5;390.0
456.5;406.5;587.5;401.5;727.5;392.0;896.5;389.0
456.5;399.5;587.5;396.5;727.5;389.0;896.5;389.0
456.5;395.5;587.5;392.5;728.5;386.0;897.5;389.0
456.0;389.0;588.5;385.5;728.5;383.0;897.5;389.0
457.0;385.0;588.5;379.5;730.5;380.0;898.5;389.0
459.0;381.0;591.5;372.5;732.5;376.0;899.5;388.0
461.0;376.0;592.5;366.5;733.5;370.0;899.5;386.0
462.0;369.0;593.5;360.5;734.5;365.0;900.5;385.0
462.0;363.0;593.5;353.5;735.5;361.0;900.5;382.0
461.5;354.5;594.5;347.5;734.5;357.0;899.5;381.0
462.0;346.0;593.5;343.5;733.5;354.0;898.5;381.0
461.5;336.5;592.5;338.5;732.5;355.0;897.5;381.0
461.5;330.5;592.5;335.5;732.5;355.0;896.5;381.0
461.0;324.0;592.5;333.5;731.5;354.0;895.5;381.0
461.0;319.0;593.0;331.0;731.5;355.0;895.5;382.0
461.0;314.0;592.0;329.0;731.5;352.0;896.5;381.0
460.0;308.0;591.0;329.0;731.5;351.0;896.5;378.0
460.0;304.0;591.0;330.0;731.5;352.0;896.5;378.0
460.0;304.0;591.0;330.0;731.5;353.0;896.5;379.0
461.0;304.0;592.5;332.5;733.5;355.0;899.5;380.0
463.0;305.0;592.5;337.5;734.5;360.0;899.5;383.0
463.0;308.0;593.5;341.5;734.5;364.0;901.5;383.0
464.5;313.5;593.5;347.5;735.5;368.0;901.5;385.0
464.5;320.5;594.5;352.5;735.5;372.0;902.5;386.0
465.5;328.5;594.5;360.5;736.5;375.0;902.5;386.0
465.5;337.5;594.5;367.5;736.5;378.0;902.5;387.0
466.0;349.0;594.5;375.5;737.5;383.0;903.5;388.0
468.0;364.0;595.5;385.5;737.5;387.0;902.5;388.0
467.5;377.5;596.5;397.5;737.5;393.0;903.5;389.0
468.5;393.5;599.5;408.5;738.5;401.0;903.5;391.0
469.5;408.5;600.5;420.5;739.5;408.0;904.5;394.0
470.0;423.0;602.5;433.5;741.5;414.0;904.5;395.0
471.0;438.0;604.5;444.5;742.5;422.0;904.5;397.0
472.5;454.5;607.5;456.5;745.5;428.0;906.5;398.0
475.5;469.5;610.5;468.5;747.5;433.0;907.5;399.0
476.5;486.5;614.5;478.5;750.5;438.0;908.5;400.0
479.5;499.5;618.5;487.5;754.5;441.0;909.5;400.0
481.5;512.5;621.5;495.5;755.5;445.0;910.5;400.0
484.5;525.5;625.5;502.5;758.5;448.0;912.5;401.0
486.5;535.5;627.5;508.5;759.5;450.0;912.5;401.0
487.5;543.5;628.0;513.0;760.5;452.0;912.5;400.0
488.0;548.0;629.0;516.0;760.5;453.0;912.5;401.0
487.5;552.5;629.0;519.0;760.5;455.0;912.5;401.0
487.0;556.0;628.0;522.0;759.5;457.0;912.5;401.0
486.5;556.5;627.0;522.0;759.5;459.0;912.5;402.0
484.0;557.0;625.0;520.0;757.5;458.0;912.5;402.0
481.0;554.0;621.0;516.0;756.5;455.0;912.5;402.0
478.5;550.5;618.5;511.5;752.5;453.0;910.5;401.0
476.5;547.5;614.5;505.5;749.5;449.0;909.5;400.0
473.5;541.5;610.5;498.5;745.5;445.0;907.5;400.0
471.5;533.5;607.5;490.5;742.5;440.0;905.5;399.0
468.5;523.5;603.5;481.5;739.5;435.0;904.5;398.0
465.5;509.5;600.5;470.5;737.5;429.0;903.5;397.0
464.5;493.5;597.5;460.5;735.5;424.0;903.5;396.0
463.5;476.5;595.5;449.5;733.5;418.0;901.5;395.0
462.5;460.5;594.5;438.5;732.5;412.0;901.5;394.0
461.5;442.5;592.5;426.5;731.5;406.0;899.5;393.0
461.5;424.5;592.5;412.5;730.5;399.0;899.5;391.0
462.0;406.0;592.5;399.5;731.5;391.0;899.5;391.0
464.5;388.5;594.5;384.5;731.5;384.0;899.5;390.0
465.0;374.0;594.5;371.5;734.5;375.0;899.5;388.0
468.0;357.0;597.5;355.5;735.5;366.0;901.5;385.0
470.0;340.0;599.5;340.5;739.5;355.0;902.5;382.0
472.0;321.0;603.0;324.0;742.5;344.0;903.5;379.0
475.0;302.0;606.5;309.5;746.5;336.0;904.5;378.0
478.5;284.5;610.5;298.5;749.5;330.0;905.5;377.0
481.5;270.5;615.5;288.5;753.5;326.0;906.5;377.0
484.5;254.5;619.5;278.5;754.5;324.0;907.5;377.0
488.5;240.5;623.5;270.5;758.0;319.5;907.5;377.0
492.5;227.5;626.5;262.5;758.0;317.5;908.5;376.0
492.5;216.5;627.5;255.5;760.0;314.5;908.5;375.0
493.5;207.5;627.5;250.5;761.0;311.5;909.5;374.0
493.5;202.5;628.5;246.5;762.0;308.5;910.5;373.0
494.0;198.0;628.5;245.5;761.5;307.0;910.5;372.0
493.5;198.5;628.5;244.5;761.5;306.0;910.5;372.0
491.5;198.5;627.5;247.5;762.0;308.0;911.5;373.0
491.5;198.5;624.5;252.5;759.5;311.5;910.5;373.0
490.5;199.5;621.5;258.5;757.5;315.5;910.5;373.0
488.5;201.5;617.5;265.5;755.5;320.5;910.5;375.0
488.5;207.5;614.5;273.5;752.5;328.5;909.5;377.0
487.5;217.5;613.5;282.5;749.5;335.5;909.5;379.0
482.5;234.5;609.5;295.5;748.5;341.5;908.5;382.0
480.5;248.5;605.5;306.5;745.5;348.5;908.5;382.0
477.5;268.5;603.5;318.5;744.0;353.0;907.5;382.0
475.5;287.5;602.5;330.5;741.0;358.0;906.5;383.0
474.5;312.5;600.5;345.5;740.0;364.0;904.5;384.0
473.5;340.5;599.5;363.5;739.5;372.0;904.5;385.0
472.5;368.5;601.5;383.5;738.5;383.0;903.5;388.0
473.5;397.5;603.5;404.5;739.0;395.5;903.5;392.0
473.5;422.5;604.5;423.5;743.0;411.5;906.5;396.0
475.5;446.5;606.5;444.5;746.0;424.5;909.5;399.0
477.5;471.5;611.5;465.5;752.0;436.5;912.5;403.0
480.5;500.5;617.5;486.5;757.0;448.5;915.5;406.0
488.5;530.5;626.5;506.5;763.0;457.5;917.5;406.0
495.5;555.5;635.5;520.5;769.0;462.5;919.5;407.0
504.5;576.5;646.5;532.5;775.0;464.5;920.5;407.0
512.5;592.5;654.5;540.5;781.0;467.5;923.5;407.0
518.5;605.5;662.5;549.5;787.0;470.5;926.5;407.0
523.5;614.5;669.5;554.5;795.0;473.5;930.5;407.0
527.5;622.5;673.5;558.5;799.0;473.5;932.5;406.0
530.5;626.5;678.5;558.5;801.0;472.5;933.5;406.0
533.5;627.5;678.5;556.5;801.0;469.5;934.5;405.0
534.5;626.5;679.5;553.5;801.0;467.5;933.5;404.0
533.5;622.5;679.0;549.0;798.0;463.5;933.5;402.0
528.5;618.5;674.0;545.0;795.0;460.5;931.5;402.0
521.5;613.5;667.0;539.0;791.0;456.5;931.5;401.0
513.5;604.5;660.0;534.0;788.0;454.5;930.5;401.0
504.5;594.5;651.0;527.0;782.5;454.0;929.5;401.0
496.5;582.5;642.0;521.0;777.5;452.0;927.5;401.0
489.5;570.5;633.0;513.0;771.5;449.0;924.5;402.0
484.5;557.5;626.0;504.0;764.5;446.0;922.5;403.0
480.5;541.5;620.5;494.5;757.5;442.0;919.5;403.0
477.0;525.0;613.5;481.5;751.5;437.0;915.5;402.0
476.0;505.0;607.5;469.5;745.5;430.0;911.5;401.0
476.0;479.0;606.5;452.5;740.5;423.0;908.5;399.0
477.0;455.0;608.5;434.5;738.5;414.0;904.5;398.0
475.5;426.5;607.5;415.5;739.5;405.0;899.5;398.0
474.5;405.5;606.5;399.5;739.0;395.5;900.5;396.0
475.0;386.0;602.5;380.5;739.0;383.5;905.5;393.0
475.0;364.0;601.5;359.5;742.0;368.5;910.5;389.0
475.0;342.0;603.5;338.5;746.0;356.5;912.5;385.0
478.0;317.0;608.5;318.5;750.0;341.5;912.5;380.0
482.0;286.0;616.5;296.5;755.0;328.5;911.5;375.0
491.0;257.0;625.5;278.5;762.0;319.5;911.5;374.0
500.0;233.0;633.5;264.5;766.0;315.5;912.5;374.0
505.0;217.0;641.5;254.5;770.0;313.5;914.5;375.0
510.0;202.0;644.5;245.5;774.0;311.5;917.5;378.0
514.0;189.0;649.5;238.5;778.0;307.5;917.5;378.0
516.0;179.0;653.5;229.5;782.0;301.5;921.5;374.0
520.0;168.0;658.5;221.5;786.0;295.5;921.5;371.0
524.0;161.0;661.5;215.5;789.0;291.5;922.5;370.0
525.0;160.0;662.5;215.5;790.0;292.5;923.5;371.0
522.0;162.0;661.5;217.5;789.0;296.5;923.5;373.0
519.0;166.0;657.5;225.5;787.0;301.5;924.5;375.0
515.0;172.0;653.5;232.5;784.0;309.5;925.5;378.0
513.0;176.0;649.5;241.5;782.0;315.5;925.5;380.0
508.5;185.5;645.5;249.5;779.0;319.5;924.5;380.0
503.5;194.5;637.5;259.5;775.0;323.5;924.5;380.0
499.5;204.5;633.5;269.5;770.0;327.5;921.5;380.0
493.5;219.5;626.5;282.5;767.0;333.5;921.5;380.0
486.5;241.5;618.5;297.5;762.0;340.5;919.5;381.0
480.5;264.5;615.5;309.5;757.0;347.5;918.5;382.0
479.5;285.5;609.5;324.5;753.0;353.5;916.5;382.0
478.5;306.5;607.5;339.5;749.0;360.5;913.5;383.0
480.5;331.5;606.5;353.5;746.0;368.5;912.5;384.0
483.5;359.5;608.5;371.5;743.0;378.5;909.5;388.0
485.5;389.5;613.5;395.5;744.0;392.5;906.5;392.0
484.5;417.5;616.5;415.5;747.0;404.5;903.5;395.0
484.5;437.5;614.5;431.5;748.0;413.5;910.5;396.0
484.5;458.5;614.5;447.5;752.0;424.5;918.5;398.0
484.5;479.5;616.5;466.5;758.0;433.5;922.5;400.0
486.5;509.5;621.5;487.5;766.0;448.5;925.5;404.0
495.0;540.0;633.5;508.5;773.0;458.5;927.0;406.5
506.0;567.0;645.5;525.5;778.0;463.5;928.0;408.5
516.0;586.0;656.5;534.5;783.0;465.5;928.5;408.0
522.0;599.0;664.5;540.5;787.0;465.5;928.5;406.0
528.0;610.0;669.5;548.5;793.0;466.5;931.5;404.0
532.0;620.0;676.5;556.5;799.0;471.5;934.5;405.0
536.0;627.0;681.5;562.5;805.0;476.5;938.5;406.0
540.0;629.0;686.5;564.5;810.0;479.5;939.5;407.0
542.0;629.0;687.5;562.5;809.0;478.5;939.5;408.0
540.0;627.0;686.5;558.5;805.5;473.0;938.5;407.0
536.0;622.0;680.5;551.5;803.5;466.0;937.5;404.0
531.0;617.0;675.5;544.5;798.5;461.0;934.5;401.0
525.0;612.0;670.5;540.5;792.5;456.0;934.5;400.0
516.0;604.0;660.5;532.5;788.5;453.0;932.5;400.0
508.0;592.0;651.5;525.5;783.0;451.5;931.5;400.0
498.0;577.0;642.5;518.5;777.0;450.5;928.5;400.0
490.0;561.0;634.5;510.5;772.0;448.5;925.5;402.0
484.0;546.0;625.5;499.5;765.0;445.5;923.5;402.0
480.0;529.0;617.5;488.5;759.0;441.5;920.5;403.0
478.0;513.0;613.5;477.5;753.0;437.5;916.5;402.0
477.0;493.0;609.5;464.5;746.0;430.5;913.5;401.0
478.0;469.0;608.5;447.5;741.0;421.5;910.5;399.0
478.5;442.5;609.5;428.5;739.0;411.5;903.5;396.0
478.5;419.5;608.5;411.5;739.0;401.5;900.0;395.5
477.0;400.0;607.5;395.5;739.0;391.5;902.0;393.5
477.0;380.0;604.5;377.5;741.0;381.5;909.0;390.5
477.0;360.0;603.5;358.5;745.0;368.5;913.5;388.0
477.0;337.0;606.5;337.5;749.0;354.5;914.5;385.0
479.0;315.0;611.5;319.5;754.0;342.5;915.5;381.0
485.0;288.0;619.5;298.5;759.0;330.5;915.5;377.0
494.0;260.0;627.5;282.5;765.0;322.5;916.5;374.0
503.0;237.0;635.5;268.5;769.0;318.5;917.5;375.0
508.0;222.0;642.5;258.5;774.0;314.5;920.5;376.0
512.0;208.0;647.5;250.5;778.5;313.0;921.5;379.0
516.0;198.0;652.5;241.5;782.5;309.0;924.5;378.0
520.0;188.0;656.5;234.5;786.5;304.0;925.5;375.0
524.0;178.0;662.5;226.5;790.5;297.0;926.5;372.0
528.0;172.0;665.5;219.5;794.5;294.0;927.5;371.0
528.0;170.0;666.5;219.5;793.5;294.0;927.5;372.0
526.0;170.0;662.5;223.5;791.5;298.0;928.5;375.0
522.0;172.0;659.5;226.5;789.5;302.0;927.5;376.0
518.0;175.0;655.5;232.5;784.5;309.0;927.5;377.0
515.0;181.0;651.5;238.5;782.5;314.0;927.5;379.0
510.0;190.0;647.5;245.5;779.5;317.0;926.5;380.0
505.0;199.0;641.5;253.5;775.0;319.5;924.5;380.0
500.0;209.0;634.5;266.5;771.0;323.5;922.5;379.0
492.0;224.0;627.5;277.5;766.0;327.5;921.5;379.0
488.0;240.0;619.5;289.5;762.0;332.5;918.5;380.0
483.0;258.0;615.5;302.5;757.0;339.5;917.5;380.0
481.0;276.0;611.5;315.5;752.5;348.0;916.5;381.0
481.0;297.0;608.5;331.5;748.5;357.0;912.5;383.0
481.0;319.0;606.5;347.5;744.5;367.0;911.5;386.0
483.5;348.5;608.5;366.5;742.5;378.0;908.5;390.0
484.5;379.5;611.5;387.5;743.5;390.0;906.0;392.5
483.5;403.5;612.5;405.5;744.5;397.0;907.0;393.5
483.5;424.5;611.5;420.5;745.5;403.0;911.0;394.5
482.5;445.5;612.5;436.5;750.5;414.0;917.0;395.5
483.5;472.5;614.5;458.5;755.5;426.0;922.0;399.5
486.5;501.5;620.5;481.5;763.5;444.0;926.0;404.5
492.5;531.5;631.5;504.5;769.5;455.0;928.0;406.5
502.5;557.5;641.5;519.5;775.5;463.0;928.0;409.5
511.5;576.5;650.5;530.5;779.5;466.0;928.0;410.5
518.5;590.5;658.5;539.5;784.5;468.0;929.0;408.5
525.5;605.5;666.5;547.5;790.5;471.0;932.0;408.5
530.5;616.5;673.5;556.5;797.5;476.0;935.0;407.5
535.5;626.5;679.5;563.5;802.5;478.0;938.0;408.5
539.5;630.5;684.5;566.5;807.5;481.0;941.0;409.5
541.5;630.5;686.5;565.5;809.5;478.0;942.0;409.5
541.5;630.5;687.5;561.5;807.5;475.0;942.0;408.5
540.5;628.5;683.5;554.5;803.5;468.0;939.0;406.5
537.5;623.5;681.5;550.5;800.5;463.0;938.0;404.5
532.5;619.5;675.5;546.5;796.5;459.0;935.5;403.0
525.5;614.5;669.5;542.5;792.5;458.0;934.5;402.0
516.5;606.5;660.5;538.5;788.5;458.0;934.5;403.0
507.5;595.5;651.5;532.5;783.5;458.0;931.5;405.0
498.5;580.5;641.5;524.5;778.5;458.0;930.5;405.0
492.5;566.5;634.5;515.5;772.5;456.0;926.5;406.0
487.5;552.5;627.5;506.5;764.5;452.0;924.5;407.0
484.5;538.5;620.5;495.5;759.5;447.0;921.5;407.0
484.0;524.0;615.5;485.5;752.5;440.0;917.5;406.0
483.0;502.0;613.5;469.5;746.5;433.0;914.5;404.0
482.0;474.0;612.5;451.5;742.5;423.0;910.5;401.0
481.0;448.0;611.5;434.5;741.5;414.0;905.5;400.0
480.0;427.0;610.5;418.5;742.5;405.0;903.5;400.0
481.0;408.0;608.5;403.5;742.5;398.0;908.5;397.0
480.0;387.0;608.5;385.5;743.5;388.0;913.5;395.0
479.0;364.0;606.5;364.5;747.5;373.0;916.5;392.0
479.0;340.0;609.5;342.5;751.5;359.0;917.5;388.0
483.0;316.0;614.5;322.5;755.5;346.0;917.5;383.0
489.0;290.0;622.5;303.5;760.5;334.0;918.5;380.0
495.0;266.0;629.5;286.5;765.5;326.0;918.5;379.0
504.0;244.0;637.5;273.5;770.5;322.0;918.5;379.0
509.0;229.0;642.5;264.5;774.5;318.0;921.5;379.0
513.0;215.0;647.5;256.5;778.5;315.0;922.5;380.0
517.0;206.0;654.5;244.5;783.5;311.0;925.5;380.0
521.0;194.0;658.5;236.5;788.5;305.0;926.5;378.0
525.0;184.0;663.5;230.5;792.5;300.0;929.5;375.0
528.0;179.0;665.5;227.5;793.5;299.0;929.5;375.0
528.0;176.0;665.5;226.5;793.5;300.0;929.5;377.0
525.0;177.0;662.5;230.5;791.5;305.0;929.5;379.0
523.0;178.0;659.5;233.5;788.5;310.0;928.5;380.0
521.0;179.0;657.5;238.5;786.0;313.5;928.5;381.0
516.0;185.0;653.5;243.5;783.0;317.5;928.5;382.0
511.0;194.0;648.5;249.5;781.0;319.5;927.5;382.0
506.0;204.0;643.5;257.5;777.0;321.5;926.5;382.0
500.0;214.0;635.5;268.5;773.5;325.0;925.5;382.0
492.0;229.0;627.5;280.5;767.5;329.0;921.5;382.0
488.0;243.0;622.5;291.5;763.5;334.0;921.5;382.0
485.0;259.0;617.5;303.5;758.5;342.0;918.5;384.0
483.0;276.0;613.5;318.5;754.0;351.5;917.5;385.0
483.0;296.0;609.5;333.5;749.0;360.5;914.5;387.0
483.0;319.0;607.5;349.5;745.0;370.5;912.5;390.0
483.0;347.0;609.5;369.5;743.0;382.5;909.5;394.0
483.0;379.0;612.5;389.5;744.0;392.5;906.5;396.0
483.0;404.0;612.5;407.5;745.0;400.5;906.5;397.0
483.0;425.0;611.5;421.5;746.0;405.5;910.5;397.0
483.0;448.0;612.5;438.5;749.0;416.5;914.5;398.0
483.5;473.5;614.5;459.5;754.0;428.5;919.5;403.0
486.5;504.5;619.5;482.5;759.0;443.5;923.5;407.0
492.5;534.5;629.5;507.5;768.0;459.5;927.5;410.0
502.5;559.5;640.5;524.5;775.0;468.5;926.5;413.0
510.5;579.5;649.5;535.5;780.0;472.5;927.5;414.0
519.5;597.5;657.5;545.5;785.0;474.5;927.5;414.0
525.5;611.5;667.5;553.5;790.0;476.5;931.5;413.0
531.5;623.5;674.5;562.5;797.0;480.5;933.5;413.0
537.5;632.5;680.5;569.5;803.0;484.5;937.5;413.0
542.5;637.5;686.5;572.5;808.0;485.5;941.5;414.0
544.5;638.5;689.5;571.5;811.0;485.5;942.5;413.0
545.5;638.5;689.5;567.5;811.0;480.5;942.5;413.0
544.5;636.5;687.5;563.5;807.0;474.5;941.5;411.0
541.5;632.5;685.5;556.5;804.0;469.5;939.5;408.0
537.5;626.5;680.5;552.5;800.0;465.5;938.5;408.0
531.5;621.5;673.5;547.5;797.0;463.5;937.5;407.0
522.5;614.5;665.5;543.5;792.0;462.5;936.5;407.0
513.5;602.5;657.5;538.5;787.0;463.5;935.5;408.0
503.5;588.5;646.5;529.5;782.0;462.5;933.5;409.0
495.5;573.5;638.5;521.5;776.0;459.5;930.5;410.0
490.5;560.5;631.5;511.5;768.0;455.5;927.5;411.0
486.5;546.5;624.5;501.5;762.0;451.5;923.5;411.0
485.5;530.5;619.5;491.5;756.0;445.5;920.5;410.0
483.5;510.5;614.5;477.5;749.0;437.5;916.5;407.0
483.5;484.5;613.5;459.5;744.0;429.5;913.0;405.5
482.5;455.5;612.5;440.5;743.0;419.5;908.0;402.5
481.5;433.5;611.5;424.5;742.5;410.0;903.5;403.0
480.5;413.5;609.5;408.5;741.5;401.0;907.5;401.0
480.5;392.5;608.5;391.5;742.5;392.0;911.5;398.0
479.5;372.5;606.5;370.5;746.5;378.0;915.5;395.0
478.5;348.5;606.5;350.5;749.5;363.0;916.5;392.0
481.5;324.5;612.5;330.5;753.5;350.0;917.5;387.0
485.5;297.5;619.5;308.5;759.5;337.0;917.5;382.0
494.5;271.5;627.5;291.5;765.5;328.0;917.5;381.0
500.5;251.5;635.5;278.5;769.5;324.0;918.5;381.0
508.5;232.5;642.5;267.5;774.5;321.0;920.5;381.0
512.5;220.5;647.5;258.5;778.5;318.0;923.5;384.0
515.5;209.5;652.5;251.5;782.5;315.0;924.5;384.0
520.5;199.5;657.5;242.5;786.5;310.0;926.5;380.0
523.0;188.0;661.5;234.5;790.5;304.0;928.5;377.0
527.0;181.0;665.5;229.5;794.5;300.0;929.5;377.0
527.0;179.0;665.5;228.5;794.5;301.0;929.5;377.0
526.0;180.0;663.5;231.5;791.5;306.0;929.5;380.0
523.0;182.0;660.5;235.5;788.5;311.0;929.0;381.5
519.0;184.0;656.5;240.5;786.5;316.0;928.5;385.0
515.0;189.0;652.5;247.5;783.5;320.0;928.5;385.0
510.0;199.0;648.5;254.5;780.5;324.0;927.5;386.0
506.0;208.0;643.5;261.5;778.0;325.5;925.5;385.0
500.0;218.0;635.5;272.5;773.0;328.5;923.5;385.0
492.0;232.0;627.5;284.5;768.0;332.5;922.5;384.0
487.0;246.0;621.5;295.5;763.5;338.0;919.5;385.0
483.0;264.0;617.5;308.5;758.5;345.0;918.5;386.0
482.0;282.0;612.5;321.5;753.5;353.0;915.5;388.0
481.0;301.0;608.5;337.5;749.5;362.0;914.5;389.0
481.0;321.0;607.5;351.5;745.5;372.0;910.5;392.0
483.0;349.0;607.5;370.5;742.5;382.0;910.5;396.0
484.0;381.0;612.5;391.5;743.5;394.0;906.5;399.0
485.0;408.0;613.5;411.5;745.5;403.0;906.5;400.0
486.0;429.0;613.5;424.5;746.5;409.0;910.5;400.0
486.0;449.0;614.5;440.5;749.5;418.0;915.5;401.0
486.5;473.5;616.5;460.5;755.5;429.0;919.5;405.0
488.5;503.5;621.5;483.5;760.5;443.0;924.5;408.0
494.5;533.5;630.5;505.5;769.5;458.0;928.5;411.0
504.5;560.5;642.5;525.5;776.5;467.0;929.5;413.0
513.5;580.5;651.5;536.5;781.5;471.0;928.5;415.0
521.5;598.5;660.5;545.5;786.5;474.0;929.5;414.0
529.5;610.5;669.5;553.5;791.5;477.0;932.0;412.5
534.5;623.5;675.5;562.5;798.5;482.0;935.5;413.0
539.5;633.5;682.5;570.5;803.5;484.0;939.5;413.0
543.5;639.5;686.5;573.5;808.5;487.0;940.5;414.0
544.5;642.5;690.5;574.5;811.5;487.0;941.5;414.0
545.5;641.5;689.5;570.5;809.5;483.0;941.5;414.0
544.5;639.5;686.5;563.5;806.5;475.0;940.5;411.0
541.5;633.5;684.5;557.5;802.5;470.0;937.5;410.0
536.5;628.5;680.5;553.5;798.0;465.5;937.5;406.0
531.5;622.5;673.5;548.5;794.0;462.5;934.5;406.0
522.5;616.5;664.5;543.5;790.5;462.0;934.5;406.0
512.5;604.5;656.5;537.5;785.5;462.0;934.5;407.0
503.5;589.5;646.5;529.5;781.5;461.0;931.5;408.0
495.5;575.5;637.5;521.5;774.5;459.0;929.5;409.0
490.5;561.5;630.5;511.5;768.5;456.0;926.5;410.0
486.5;546.5;625.5;502.5;762.5;451.0;923.0;409.5
485.5;530.5;619.5;490.5;755.5;444.0;920.5;409.0
484.5;512.5;615.5;477.5;750.5;437.0;916.5;407.0
484.5;487.5;613.5;462.5;744.5;429.0;913.5;406.0
484.5;459.5;614.5;441.5;743.5;420.0;908.5;403.0
483.0;435.0;613.5;426.5;742.5;411.0;904.5;403.0
481.5;414.5;611.5;408.5;743.5;402.0;905.5;402.0
481.5;395.5;610.0;392.0;744.5;393.0;912.5;398.0
481.5;376.5;607.0;373.0;747.0;380.5;916.5;396.0
481.5;353.5;608.0;353.0;751.0;367.5;917.5;394.0
481.0;333.0;612.0;333.0;755.5;353.0;918.5;389.0
487.0;305.0;619.5;312.5;760.5;340.0;919.5;385.0
495.0;277.0;628.5;296.5;765.5;331.0;918.5;382.0
501.0;257.0;637.5;281.5;770.5;326.0;919.5;383.0
508.0;240.0;642.0;272.0;774.5;324.0;921.5;384.0
512.0;225.0;647.0;263.0;778.5;321.0;923.5;385.0
516.0;213.0;652.0;254.0;783.5;317.0;925.5;385.0
520.0;203.0;658.5;243.5;787.0;311.5;926.5;384.0
524.0;192.0;663.5;237.5;791.0;306.5;929.5;380.0
528.0;185.0;667.5;231.5;795.0;301.5;929.5;379.0
529.0;183.0;667.5;230.5;796.0;301.5;930.5;379.0
528.0;182.0;666.5;230.5;795.0;303.5;930.5;381.0
524.0;184.0;663.5;236.5;792.0;310.5;930.5;383.0
520.5;186.5;658.5;240.5;788.0;314.5;930.5;385.0
517.5;191.5;655.5;248.5;786.0;320.5;930.5;385.0
513.5;200.5;650.5;254.5;783.0;324.5;929.5;386.0
508.5;210.5;646.5;262.5;780.0;327.5;928.5;386.0
502.5;220.5;638.5;273.5;775.0;329.5;925.5;387.0
494.5;233.5;631.5;284.5;770.0;333.5;924.5;385.0
489.0;248.0;623.5;296.5;766.0;337.5;922.5;386.0
486.0;264.0;619.5;309.5;761.0;344.5;921.5;386.0
484.0;281.0;615.5;321.5;756.5;353.0;918.5;389.0
483.0;300.0;611.5;336.5;751.5;362.0;917.5;390.0
484.0;321.0;609.5;351.5;747.5;371.0;913.5;393.0
485.0;348.0;610.5;368.5;744.5;382.0;912.5;396.0
486.0;380.0;614.5;391.5;745.5;394.0;909.5;400.0
486.0;407.0;615.5;410.5;746.5;402.0;907.5;401.0
487.0;428.0;615.5;424.5;746.5;408.0;911.5;400.0
486.0;448.0;614.5;439.5;750.5;416.0;915.5;402.0
486.0;472.0;616.5;459.5;755.5;429.0;921.5;406.0
489.0;501.0;621.5;481.5;760.5;443.0;924.5;410.0
494.0;531.0;629.5;504.5;768.5;459.0;928.5;413.0
504.0;559.0;640.5;525.5;774.5;468.0;929.5;415.0
513.0;580.0;651.5;537.5;780.5;473.0;929.5;416.0
520.0;597.0;658.5;547.5;785.5;476.0;929.5;417.0
527.0;612.0;667.5;555.5;790.5;478.0;930.5;416.0
532.0;624.0;673.5;564.5;795.5;482.0;933.5;415.0
537.0;634.0;680.5;572.5;801.5;485.0;937.5;416.0
541.0;641.0;685.0;576.0;806.5;489.0;940.5;417.0
544.0;645.0;688.0;577.0;810.5;489.0;940.5;418.0
545.0;645.0;688.0;574.0;808.5;486.0;941.5;416.0
544.0;643.0;687.0;569.0;806.5;481.0;940.5;414.0
542.0;638.0;684.0;563.0;801.5;474.0;937.5;413.0
537.5;632.5;680.0;558.0;798.5;469.0;936.5;410.0
531.5;627.5;674.0;554.0;794.5;466.0;935.5;409.0
523.5;621.5;666.0;548.0;790.5;465.0;934.5;409.0
514.5;609.5;657.0;543.0;786.5;465.0;932.5;410.0
504.5;596.5;647.0;536.0;781.5;464.0;932.5;411.0
496.0;582.0;639.0;527.0;776.5;463.0;929.5;413.0
492.0;567.0;633.0;517.0;769.5;458.0;926.5;413.0
488.0;552.0;625.5;505.5;764.5;454.0;923.5;413.0
484.5;536.5;621.5;495.5;756.5;447.0;920.5;412.0
484.5;517.5;616.5;482.5;751.5;441.0;916.5;410.0
483.5;494.5;612.5;467.5;746.5;433.0;913.5;409.0
483.5;468.5;615.5;449.5;742.5;424.0;910.5;405.0
483.0;443.0;614.5;432.5;742.5;415.0;903.5;405.0
482.0;421.0;611.5;414.5;743.5;407.0;905.5;405.0
481.0;402.0;609.5;398.5;743.5;397.0;910.5;403.0
481.0;383.0;608.0;382.0;746.5;385.0;914.5;400.0
480.0;362.0;608.0;362.0;749.5;371.0;916.5;398.0
479.0;340.0;612.0;341.0;753.5;358.0;917.5;392.0
483.0;313.0;616.5;320.5;757.5;345.0;917.5;388.0
490.0;286.0;625.5;301.5;762.5;334.0;917.5;385.0
497.0;262.0;634.5;286.5;767.5;328.0;917.5;385.0
504.0;243.0;639.5;276.5;772.5;326.0;919.5;387.0
509.0;230.0;644.5;267.5;775.5;324.0;921.5;387.0
514.0;218.0;650.5;258.5;780.5;321.0;923.5;387.0
518.0;208.0;655.5;250.5;785.5;315.0;925.5;386.0
521.0;197.0;660.5;241.5;789.5;310.0;927.5;382.0
526.0;188.0;664.5;235.5;793.5;304.0;929.5;381.0
527.0;186.0;667.5;232.5;794.5;304.0;929.5;381.0
526.5;185.5;666.5;234.5;794.5;306.0;929.5;382.0
523.0;186.0;663.5;237.5;791.5;312.0;930.5;384.0
520.0;189.0;659.5;243.5;788.5;317.0;930.5;387.0
517.0;194.0;655.5;251.5;786.5;322.0;930.5;388.0
512.5;201.5;651.5;257.5;783.5;326.0;929.5;389.0
508.5;211.5;646.5;264.5;781.5;329.0;929.5;389.0
503.5;221.5;642.5;273.5;776.5;332.0;926.5;390.0
497.5;230.5;633.5;283.5;771.5;336.0;925.5;388.0
489.5;249.5;625.5;298.5;766.5;340.0;922.5;389.0
486.5;265.5;619.5;310.5;761.5;347.0;921.5;389.0
484.0;284.0;616.5;324.5;756.5;355.0;918.5;391.0
483.0;302.0;611.5;338.5;751.5;364.0;917.5;393.0
483.0;322.0;609.5;352.5;747.5;373.0;913.5;396.0
484.0;348.0;608.5;369.5;744.5;383.0;912.5;399.0
486.0;379.0;613.5;391.5;743.5;395.0;908.5;403.0
485.0;407.0;614.5;412.5;745.5;405.0;906.5;405.0
486.0;429.0;614.5;427.5;746.5;412.0;909.5;405.0
486.0;449.0;614.5;442.5;749.5;420.0;914.5;405.0
485.0;473.0;615.5;459.5;753.5;430.0;919.5;408.0
487.0;501.0;619.5;482.5;759.5;443.0;923.5;411.0
493.0;530.0;628.5;505.5;767.5;460.0;927.5;415.0
503.0;559.0;639.5;526.5;773.5;470.0;928.5;417.0
512.0;583.0;650.5;540.5;779.5;476.0;929.5;418.0
521.0;600.0;658.5;549.5;784.5;479.0;929.5;419.0
528.0;614.0;667.5;559.5;789.5;482.0;930.5;419.0
533.0;627.0;674.5;567.5;796.5;486.0;933.5;417.0
538.0;637.0;681.5;574.5;801.5;488.0;937.5;419.0
543.0;644.0;685.5;579.5;807.5;492.0;941.5;420.0
547.0;648.0;690.5;580.5;811.5;492.0;942.5;420.0
548.0;649.0;690.5;577.5;811.5;488.0;942.5;419.0
547.0;647.0;690.5;572.5;808.5;482.0;942.5;418.0
544.0;642.0;686.5;565.5;805.5;476.0;940.5;414.0
541.0;636.0;683.5;560.5;801.5;472.0;939.5;412.0
535.5;630.5;677.5;554.5;797.5;468.0;938.5;412.0
527.5;624.5;669.5;550.5;793.5;467.0;936.5;412.0
517.5;613.5;660.5;545.5;789.5;467.0;937.5;413.0
508.5;599.5;651.5;538.5;784.5;466.0;934.5;414.0
499.5;584.5;643.5;529.5;779.5;464.0;932.5;414.0
494.5;570.5;635.5;520.5;773.5;460.0;930.5;415.0
490.5;554.5;628.5;508.5;766.5;455.0;926.5;415.0
487.5;537.5;623.5;497.5;759.5;450.0;923.5;414.0
487.5;519.5;619.5;484.5;754.5;443.0;919.5;412.0
486.5;499.5;615.5;471.5;749.5;435.0;916.5;410.0
487.5;474.5;616.5;452.5;744.5;427.0;913.5;408.0
487.5;448.5;616.5;434.5;745.5;417.0;906.5;407.0
485.0;425.0;613.5;417.5;744.5;408.0;906.5;407.0
484.5;404.5;612.5;401.5;744.5;399.0;911.5;404.0
484.5;386.5;610.5;385.5;747.5;388.0;917.5;401.0
482.5;367.5;610.5;364.5;751.0;374.5;918.5;399.0
482.5;345.5;611.5;346.5;755.0;361.5;918.5;395.0
485.5;320.5;618.5;325.5;759.0;348.5;921.5;389.0
493.5;290.5;627.5;305.5;764.0;337.5;920.5;387.0
500.5;266.5;635.5;289.5;772.0;329.5;920.5;387.0
507.5;247.5;642.5;277.5;774.0;327.5;922.5;387.0
513.5;233.5;648.5;269.5;778.5;325.0;924.5;388.0
517.5;221.5;652.5;261.5;782.5;324.0;925.5;389.0
520.5;210.5;659.5;251.5;786.5;318.0;928.5;388.0
525.5;199.5;663.5;243.5;791.5;312.0;930.5;384.0
528.5;190.5;666.5;235.5;795.0;305.5;931.0;380.5
531.5;186.5;670.5;233.5;796.0;303.5;932.5;381.0
529.5;184.5;667.5;233.5;796.0;304.5;932.5;381.0
526.5;186.5;664.5;237.5;793.0;309.5;932.5;383.0
521.5;189.5;661.5;243.5;789.0;316.5;932.5;386.0
518.0;195.0;656.5;249.5;787.0;321.5;931.5;388.0
516.0;202.0;652.5;258.5;785.0;326.5;931.5;390.0
511.0;211.0;648.5;265.5;782.0;329.5;930.5;390.0
505.0;219.0;641.5;275.5;778.0;332.5;927.5;390.0
500.0;229.0;633.5;286.5;773.0;336.5;926.5;387.0
493.0;246.0;626.5;298.5;768.0;340.5;923.5;389.0
488.0;263.0;621.5;310.5;762.0;347.5;922.5;390.0
485.0;283.0;616.5;323.5;757.0;354.5;919.5;391.0
483.0;301.0;611.5;337.5;753.0;363.5;917.5;393.0
482.0;320.0;610.5;351.5;748.5;372.0;914.5;395.0
485.0;345.0;609.5;367.5;744.5;381.0;912.5;397.0
488.0;374.0;612.5;388.5;744.5;392.0;908.5;401.0
487.0;405.0;615.5;410.5;745.5;403.0;906.5;403.0
486.0;428.0;615.5;425.5;746.5;411.0;908.5;403.0
487.0;448.0;616.5;441.5;750.5;419.0;915.5;404.0
487.0;470.0;616.5;458.5;754.5;429.0;919.5;408.0
488.0;495.0;620.5;480.5;759.5;442.0;923.5;411.0
494.0;526.0;628.5;503.5;767.5;459.0;927.5;415.0
504.0;557.0;640.5;525.5;775.5;470.0;929.5;417.0
514.0;581.0;651.5;540.5;780.5;475.0;930.5;419.0
523.0;599.0;660.5;549.5;785.5;478.0;929.5;419.0
530.0;613.0;668.5;558.5;791.5;481.0;932.5;418.0
536.0;625.0;677.5;566.5;797.5;483.0;935.5;416.0
540.0;635.0;682.5;572.5;803.5;487.0;939.5;418.0
544.0;643.0;687.5;578.5;810.5;491.0;942.5;419.0
548.0;647.0;691.5;580.5;813.5;492.0;943.5;419.0
549.0;648.0;692.5;578.5;812.5;489.0;944.5;419.0
548.0;646.0;691.5;572.5;810.5;484.0;943.5;417.0
546.0;642.0;688.0;565.0;806.5;476.0;940.5;415.0
541.0;635.0;684.0;560.0;801.5;471.0;939.5;412.0
535.5;629.5;678.0;555.0;797.5;467.0;937.5;412.0
527.5;622.5;670.0;550.0;793.5;466.0;936.5;411.0
517.5;612.5;662.0;544.0;789.5;465.0;935.5;411.0
507.5;598.5;651.0;536.0;784.5;464.0;934.5;412.0
498.5;583.5;642.0;529.0;779.5;463.0;931.5;414.0
493.0;569.0;635.0;519.0;772.5;459.0;928.5;414.0
489.0;554.0;627.5;507.5;765.5;454.0;925.5;413.0
485.0;537.0;621.5;495.5;758.5;447.0;921.5;413.0
484.0;519.0;616.5;483.5;752.5;442.0;917.5;413.0
484.0;500.0;613.5;470.5;746.5;435.0;914.5;411.0
486.0;475.0;614.5;454.5;743.5;426.0;911.5;408.0
486.0;450.0;615.5;434.5;743.5;417.0;907.5;406.0
484.0;425.0;613.5;418.5;743.5;408.0;903.5;406.0
483.5;404.5;611.5;401.5;743.5;398.0;909.5;404.0
483.5;386.5;610.5;384.5;745.5;388.0;915.5;401.0
483.5;368.5;609.5;365.5;749.5;375.0;918.5;399.0
482.5;346.5;611.5;346.5;753.5;362.0;918.5;395.0
484.5;321.5;617.5;326.5;758.5;349.0;919.5;390.0
491.5;293.5;625.5;306.5;763.5;337.0;919.5;386.0
500.5;267.5;634.5;289.5;770.5;328.0;919.5;385.0
506.5;248.5;642.5;277.5;774.5;326.0;920.5;386.0
512.5;234.5;646.5;269.5;777.5;325.0;923.5;387.0
516.5;221.5;652.5;261.5;781.5;323.0;923.5;390.0
520.0;211.0;656.5;253.5;785.5;319.0;926.5;389.0
522.5;200.5;660.5;244.5;788.5;313.0;926.5;385.0
526.5;190.5;664.5;237.5;791.5;307.0;927.5;382.0
528.5;187.5;666.5;232.5;793.5;304.0;927.5;382.0
527.5;186.5;666.5;233.5;793.5;304.0;928.5;382.0
523.5;186.5;662.5;236.5;790.5;309.0;928.5;383.0
519.5;190.5;657.5;242.5;786.0;315.5;927.5;385.0
515.5;194.5;653.5;250.5;784.0;322.5;927.5;388.0
511.5;203.5;649.5;258.5;781.5;327.0;927.5;389.0
508.5;211.5;645.5;265.5;778.0;331.5;926.5;390.0
503.5;219.5;641.5;273.5;775.0;332.5;925.5;390.0
498.5;229.5;632.5;285.5;770.0;336.5;923.5;389.0
492.5;244.5;625.5;298.5;766.0;341.5;921.5;389.0
487.5;263.5;620.5;311.5;762.0;347.5;920.5;390.0
483.5;283.5;616.5;324.5;757.0;355.5;919.5;391.0
482.5;301.5;611.5;338.5;752.5;364.0;917.5;393.0
483.5;321.5;610.5;352.5;748.5;372.0;914.5;394.0
485.5;345.5;610.5;367.5;745.5;381.0;913.5;397.0
487.5;376.5;613.5;389.5;744.5;392.0;909.5;401.0
487.5;405.5;616.5;410.5;746.5;404.0;906.5;403.0
487.5;429.5;616.5;427.5;747.5;412.0;910.5;403.0
488.5;449.5;617.5;442.5;750.5;420.0;915.5;404.0
488.5;471.5;616.5;459.5;754.5;430.0;919.5;407.0
488.5;496.5;621.5;480.5;759.5;442.0;924.5;410.0
494.5;526.5;628.5;504.5;768.5;458.0;928.5;414.0
503.5;557.5;640.5;524.5;773.5;468.0;928.5;417.0
513.5;581.5;650.5;541.5;780.5;476.0;929.5;418.0
521.5;600.5;659.5;549.5;784.5;478.0;929.5;419.0
528.5;613.5;667.5;559.5;789.5;480.0;930.5;418.0
534.5;625.5;675.5;566.5;796.5;485.0;934.5;417.0
538.5;636.5;681.5;573.5;802.5;488.0;937.5;417.0
543.5;642.5;685.5;578.5;808.5;491.0;940.5;419.0
547.0;647.0;691.5;581.5;812.5;491.0;944.5;419.0
548.0;648.0;691.5;578.5;811.5;488.0;944.5;418.0
547.0;646.0;691.5;572.5;810.5;483.0;943.5;415.0
545.0;642.0;687.5;565.5;805.5;475.0;940.5;414.0
541.0;635.0;683.5;559.5;802.5;470.0;940.5;411.0
536.0;629.0;678.5;553.5;798.5;467.0;938.5;411.0
530.0;623.0;670.5;549.5;794.5;465.0;937.5;411.0
520.0;612.0;662.5;543.5;790.5;465.0;937.5;412.0
509.0;598.0;652.5;537.5;786.5;464.0;936.5;412.0
501.0;584.0;644.5;528.5;781.0;463.5;934.5;413.0
495.0;570.0;636.5;517.5;774.0;458.5;930.5;414.0
491.0;554.0;629.5;507.5;768.0;454.5;927.5;414.0
487.5;537.5;623.5;496.5;761.0;448.5;924.5;413.0
487.0;520.0;619.5;484.5;754.0;440.5;920.0;412.5
487.0;500.0;615.5;470.5;749.0;434.5;917.0;410.5
489.0;476.0;617.5;454.5;745.0;426.5;914.0;409.5
489.0;449.0;617.0;436.0;746.0;417.5;909.5;407.0
486.5;425.5;614.0;418.0;747.0;408.5;906.5;407.0
486.5;406.5;613.0;402.0;746.0;399.5;911.5;404.0
486.5;386.5;612.0;385.0;749.0;389.5;918.5;402.0
485.5;369.5;611.0;366.0;752.5;377.0;919.5;400.0
485.5;347.5;613.0;347.0;756.0;362.5;920.5;396.0
488.5;322.5;618.0;329.0;761.0;350.5;923.5;389.0
495.0;296.0;627.0;309.0;766.5;338.0;922.5;387.0
503.0;270.0;636.0;292.0;772.5;331.0;922.5;387.0
510.0;250.0;644.0;280.0;776.5;328.0;924.5;388.0
515.0;236.0;649.0;272.0;780.5;327.0;926.5;389.0
519.0;222.0;654.0;263.0;785.5;325.0;928.5;389.0
524.0;212.0;661.0;252.0;788.5;319.0;930.5;389.0
527.0;201.0;665.0;245.0;792.5;314.0;931.5;386.0
531.0;192.0;668.0;238.0;795.5;308.0;932.0;382.5
533.0;188.0;671.0;234.0;798.5;304.0;933.5;383.0
533.0;187.0;670.0;234.0;797.5;305.0;933.5;383.0
530.0;188.0;667.0;237.0;795.5;310.0;933.5;384.0
525.0;192.0;663.0;242.0;791.5;315.0;933.0;386.5
521.0;196.0;659.0;250.0;788.5;322.0;933.5;390.0
518.0;203.0;655.0;257.0;786.5;326.0;933.5;390.0
514.0;210.0;651.0;265.0;783.5;330.0;931.5;390.0
510.0;218.0;646.0;273.0;779.5;334.0;930.5;390.0
505.5;228.5;638.0;284.0;775.5;337.0;928.5;391.0
498.5;242.5;631.0;297.0;770.5;342.0;926.5;391.0
494.5;261.5;624.0;310.0;765.5;349.0;924.5;391.0
489.5;280.5;620.0;323.0;760.5;356.0;924.5;392.0
488.5;299.5;616.0;337.0;756.5;364.0;920.5;394.0
488.5;319.5;614.0;350.0;751.5;372.0;919.5;395.0
489.5;344.5;613.0;367.0;749.5;380.0;916.5;398.0
491.5;376.5;616.0;389.0;748.5;392.0;913.5;403.0
490.5;405.5;619.0;409.0;749.5;403.0;909.5;405.0
490.5;428.5;618.0;426.0;750.5;411.0;913.5;405.0
490.5;449.5;618.0;442.0;753.0;420.5;918.5;406.0
489.5;473.5;618.0;460.0;757.0;432.5;921.5;410.0
490.5;498.5;622.0;482.0;762.0;445.5;926.5;413.0
496.5;529.5;630.0;505.0;770.0;460.5;929.5;417.0
506.5;559.5;641.0;526.0;776.0;470.5;931.5;419.0
515.5;582.5;652.0;541.0;781.0;476.5;931.5;420.0
524.5;601.5;661.0;551.0;786.0;479.5;930.5;420.0
531.5;615.5;669.0;559.0;791.0;481.5;933.5;419.0
536.5;627.5;677.0;568.0;798.0;486.5;936.5;418.0
541.5;637.5;683.0;575.0;806.0;490.5;939.5;420.0
546.5;645.5;688.0;580.0;810.0;491.5;943.5;421.0
548.5;649.5;692.0;582.0;813.0;492.5;944.5;421.0
550.5;651.5;693.0;579.0;814.0;488.5;945.5;420.0
550.5;649.5;692.0;574.0;811.0;483.5;943.5;418.0
547.5;644.5;689.0;566.0;808.0;476.5;943.5;416.0
544.5;638.5;685.5;561.5;804.0;472.5;940.5;414.0
538.5;633.5;680.5;557.5;799.0;468.5;939.5;413.0
530.5;624.5;671.5;551.5;795.0;467.5;938.5;413.0
520.5;615.5;663.5;546.5;792.0;466.5;938.5;414.0
511.5;601.5;654.5;539.5;787.0;466.5;936.5;414.0
502.5;586.5;645.5;531.5;782.0;464.5;935.5;415.0
496.5;572.5;637.5;520.5;775.0;461.5;931.5;415.0
491.5;557.5;630.5;509.5;768.0;454.5;928.5;415.0
489.0;539.0;624.5;497.5;761.0;448.5;924.5;414.0
487.0;523.0;618.5;486.5;755.0;443.5;920.5;413.0
487.0;504.0;615.5;473.5;749.0;435.5;916.0;412.5
488.0;480.0;615.5;457.5;744.0;428.5;913.0;410.5
488.0;453.0;616.5;437.5;744.0;419.5;908.0;407.5
485.0;428.0;613.5;419.5;745.0;410.5;905.0;408.5
483.5;406.5;611.5;402.5;743.0;400.5;909.0;405.5
483.5;388.5;608.5;387.5;744.0;390.5;914.0;403.5
481.5;371.5;607.5;368.5;748.0;376.5;916.5;401.0
480.5;349.5;610.5;348.5;752.0;363.5;916.5;396.0
483.5;324.5;614.5;328.5;756.0;349.5;917.5;390.0
488.5;296.5;622.5;308.5;762.0;337.5;916.5;387.0
497.5;270.5;631.5;291.5;767.0;331.5;916.5;387.0
504.5;252.5;640.5;280.5;771.0;327.5;917.5;387.0
509.5;236.5;644.5;271.5;775.0;326.5;920.5;389.0
513.5;222.5;649.0;263.0;779.0;324.5;921.5;390.0
517.5;211.5;654.0;255.0;783.0;319.5;923.5;390.0
520.5;201.5;658.0;246.0;786.0;314.5;924.5;387.0
525.5;192.5;662.0;238.0;790.5;308.0;925.5;384.0
527.5;188.5;665.0;234.0;791.5;305.0;927.0;383.5
526.5;187.5;665.0;234.0;792.5;306.0;927.5;384.0
524.0;188.0;662.0;238.0;790.5;310.0;926.5;385.0
520.0;192.0;658.0;244.0;786.5;316.0;927.5;387.0
517.5;197.5;654.0;251.0;784.5;321.0;928.5;389.0
513.5;203.5;650.0;259.0;780.5;328.0;927.5;391.0
509.5;211.5;646.0;266.0;779.5;331.0;927.5;392.0
504.5;219.5;641.0;275.0;775.5;335.0;925.5;391.0
500.5;229.5;633.0;286.0;771.5;339.0;923.5;391.0
494.5;244.5;626.0;299.0;766.5;344.0;922.5;391.0
489.5;262.5;621.0;312.0;761.5;351.0;920.5;392.0
486.5;283.5;616.0;327.0;756.5;359.0;919.5;394.0
484.5;301.5;612.0;341.0;752.5;366.0;916.5;396.0
484.5;321.5;610.0;353.0;748.5;374.0;915.5;397.0
486.5;346.5;609.0;370.0;745.5;383.0;912.5;400.0
487.5;377.5;613.0;392.0;744.5;395.0;909.5;404.0
486.5;408.5;616.0;413.0;746.5;406.0;906.0;406.5
488.5;431.5;616.0;429.0;747.5;414.0;911.0;406.5
488.5;451.5;616.0;445.0;750.5;422.0;915.5;407.0
488.5;475.5;617.0;462.0;755.5;433.0;920.5;409.0
489.5;500.5;621.0;484.0;760.5;446.0;924.5;414.0
495.5;530.5;629.0;507.0;768.5;461.0;928.5;417.0
505.5;561.5;641.0;528.0;776.5;473.0;929.5;419.0
515.5;584.5;652.0;544.0;781.5;478.0;930.5;420.0
523.5;603.5;662.0;553.0;786.5;481.0;930.5;421.0
531.5;618.5;670.0;562.0;790.5;483.0;931.5;420.0
536.5;629.5;677.0;570.0;798.5;487.0;934.5;419.0
541.5;640.5;683.0;576.0;804.5;490.0;938.5;421.0
546.5;646.5;688.0;582.0;810.5;493.0;942.5;421.0
549.5;651.5;692.0;584.0;813.5;493.0;943.5;421.0
550.0;651.0;693.0;581.0;813.5;490.0;943.5;420.0
550.0;650.0;692.0;576.0;810.5;484.0;943.5;418.0
547.0;645.0;689.0;568.0;807.5;477.0;940.5;415.0
544.0;639.0;684.0;562.0;802.5;473.0;939.5;413.0
538.0;634.0;679.0;557.0;797.5;469.0;937.5;413.0
530.0;627.0;671.0;552.0;794.5;468.0;936.5;413.0
520.0;617.0;662.0;548.0;789.5;468.0;935.5;413.0
509.0;602.0;651.0;540.0;785.5;468.0;934.5;414.0
500.0;588.0;643.0;532.0;779.5;466.0;932.5;416.0
494.0;574.0;635.0;522.0;772.5;462.0;928.5;416.0
488.5;558.5;627.0;511.0;766.5;457.0;924.5;416.0
485.5;540.5;621.0;498.0;757.5;451.0;921.5;415.0
484.5;523.5;617.0;487.0;752.5;444.0;917.5;414.0
484.5;503.5;613.0;474.0;746.5;438.0;913.5;412.0
485.5;480.5;614.0;458.0;743.5;429.0;910.5;411.0
487.5;453.5;616.0;440.0;743.5;419.0;906.5;409.0
483.5;428.5;612.0;421.0;743.5;411.0;903.5;409.0
484.5;408.5;611.0;405.0;743.5;402.0;909.5;405.0
484.0;390.0;610.0;388.0;745.5;391.0;915.5;403.0
483.0;372.0;609.0;370.0;750.5;378.0;917.5;401.0
483.0;350.0;612.0;350.0;754.5;365.0;919.5;398.0
486.0;326.0;618.0;330.0;758.5;351.0;920.5;391.0
493.0;298.0;627.0;310.0;765.5;339.0;920.5;388.0
502.0;272.0;636.0;293.0;770.5;333.0;921.5;388.0
508.0;254.0;643.0;281.0;774.5;329.0;921.5;389.0
513.0;238.0;647.0;272.0;778.5;327.0;924.5;389.0
517.0;225.0;652.0;265.0;782.5;326.0;925.5;391.0
521.0;215.0;657.0;257.0;785.5;322.0;927.5;391.0
524.0;203.0;662.0;248.0;790.5;314.0;927.5;387.0
528.0;194.0;665.0;240.0;793.5;308.0;929.5;384.0
530.0;190.0;668.0;235.0;795.5;305.0;930.5;383.0
530.0;190.0;667.0;235.0;794.5;306.0;930.5;383.0
526.0;190.0;663.0;239.0;792.5;309.0;930.5;384.0
522.0;193.0;660.0;244.0;789.5;317.0;930.5;387.0
518.0;198.0;656.0;252.0;785.5;324.0;930.5;389.0
514.0;205.0;652.0;259.0;783.5;328.0;929.5;391.0
511.0;212.0;648.0;268.0;780.5;333.0;929.5;391.0
507.0;220.0;641.0;278.0;776.5;335.0;927.5;392.0
502.0;230.0;635.0;286.0;772.5;339.0;925.5;391.0
493.0;246.0;628.0;299.0;767.5;344.0;923.5;391.0
489.0;264.0;621.0;314.0;763.5;350.0;922.5;392.0
487.5;282.5;617.0;327.0;758.5;358.0;921.5;393.0
485.5;301.5;613.0;340.0;753.5;366.0;918.5;395.0
486.5;320.5;612.0;352.0;750.5;374.0;917.5;396.0
488.5;344.5;612.0;368.0;746.5;382.0;914.5;399.0
489.5;376.5;616.0;391.0;746.5;394.0;911.5;403.0
489.5;405.5;618.0;412.0;748.5;405.0;909.5;405.0
491.0;430.0;618.0;429.0;749.5;414.0;912.5;406.0
491.0;449.0;618.0;444.0;752.5;422.0;917.5;407.0
490.0;472.0;619.0;461.0;756.5;432.0;921.5;410.0
491.0;496.0;622.0;482.0;761.5;444.0;925.5;413.0
496.0;527.0;630.0;505.0;769.5;459.0;929.5;417.0
506.0;558.0;642.0;526.0;777.5;472.0;930.5;419.0
516.0;582.0;653.0;543.0;781.5;477.0;931.5;420.0
524.0;601.0;662.0;553.0;787.5;480.0;931.5;421.0
531.0;616.0;670.0;561.0;791.5;484.0;932.5;421.0
536.0;628.0;677.0;570.0;798.5;488.0;935.5;420.0
540.0;638.0;683.0;577.0;805.5;491.0;939.5;421.0
544.5;645.5;688.0;582.0;809.5;494.0;942.5;422.0
548.5;650.5;693.0;584.0;813.5;494.0;943.5;422.0
549.5;650.5;693.5;581.5;813.5;490.0;943.5;421.0
549.5;650.5;692.5;576.5;810.5;485.0;943.5;420.0
547.5;645.5;690.0;569.0;807.5;478.0;940.5;417.0
544.5;639.5;687.0;564.0;802.5;473.0;939.5;414.0
538.5;634.5;681.0;559.0;798.5;469.0;938.5;413.0
530.5;626.5;673.0;554.0;795.5;468.0;937.5;413.0
521.5;616.5;664.0;549.0;791.5;468.0;937.5;414.0
510.5;603.5;654.0;542.0;787.5;467.0;934.5;415.0
501.5;587.5;645.5;533.5;781.5;466.0;933.5;415.0
495.5;573.5;637.5;523.5;773.5;462.0;929.5;416.0
491.5;558.5;629.5;512.5;767.5;458.0;926.5;416.0
487.5;540.5;624.5;500.5;760.5;450.0;922.5;415.0
487.5;524.5;619.0;489.0;754.5;445.0;919.5;414.0
486.5;504.5;615.0;475.0;749.5;438.0;916.5;413.0
489.5;481.5;616.0;459.0;745.5;430.0;913.5;410.0
489.5;454.5;619.0;441.0;745.5;421.0;909.5;409.0
486.5;430.5;615.0;421.0;746.5;412.0;906.0;409.5
486.0;409.0;613.0;404.0;745.5;402.0;911.0;405.5
486.0;390.0;612.0;389.0;747.5;392.0;917.0;402.5
486.0;373.0;611.0;371.0;751.5;379.0;920.0;401.5
485.0;352.0;613.0;351.0;755.5;366.0;921.0;397.5
487.0;328.0;618.0;332.0;760.5;352.0;922.0;392.5
494.0;301.0;627.0;311.0;766.5;339.0;922.0;388.5
503.0;274.0;636.0;294.0;771.5;333.0;922.0;388.5
509.0;256.0;644.0;282.0;776.5;330.0;923.5;389.0
514.0;240.0;649.0;274.0;779.5;328.0;924.5;390.0
518.0;225.0;653.0;265.0;783.5;325.0;927.5;390.0
522.0;214.0;658.0;256.0;786.5;321.0;928.5;391.0
525.0;203.0;662.0;249.0;790.5;316.0;929.5;387.0
529.0;194.0;666.0;240.0;794.5;308.0;929.5;384.0
532.0;189.0;668.0;236.0;796.0;304.5;930.5;383.0
531.0;189.0;668.0;235.0;795.5;305.0;930.5;383.0
527.0;188.0;665.0;237.0;792.5;309.0;930.5;384.0
523.0;189.0;660.0;243.0;789.5;315.0;929.5;385.0
518.5;194.5;655.0;249.0;785.5;322.0;930.5;388.0
514.5;202.5;651.0;257.0;782.5;327.0;928.5;389.0
512.5;207.5;646.5;265.5;779.5;331.0;928.5;390.0
507.0;217.0;643.0;274.0;775.5;334.0;925.5;391.0
501.0;226.0;634.0;284.0;770.5;337.0;924.5;390.0
495.0;239.0;627.0;297.0;766.5;342.0;921.5;391.0
490.0;258.0;620.0;311.0;761.5;348.0;920.5;391.0
485.5;277.5;616.0;324.0;756.5;356.0;918.5;392.0
484.0;297.0;611.0;337.0;751.5;364.0;917.5;393.0
484.0;317.0;610.0;350.0;748.5;372.0;914.5;395.0
485.0;341.0;609.0;366.0;744.5;380.0;911.5;398.0
487.0;372.0;612.0;389.0;744.0;391.5;908.5;402.0
486.0;403.0;615.0;410.0;746.0;403.5;906.5;404.0
488.0;427.0;615.0;426.0;747.0;410.5;909.5;405.0
489.0;447.0;616.0;440.0;750.0;419.5;914.5;405.0
488.0;470.0;617.0;458.0;753.5;429.0;918.5;407.0
490.0;496.0;620.0;479.0;759.5;441.0;922.5;411.0
495.0;527.0;628.0;503.0;766.5;458.0;927.5;415.0
504.5;557.5;639.0;525.0;773.5;469.0;927.5;417.0
513.5;582.5;650.0;541.0;779.5;475.0;928.5;418.0
521.5;600.5;658.0;550.0;783.5;479.0;929.5;419.0
530.5;615.5;668.0;559.0;789.5;481.0;929.5;419.0
535.5;627.5;675.0;567.0;796.5;486.0;933.5;417.0
539.5;637.5;681.0;575.0;802.5;488.0;936.5;419.0
544.5;645.5;687.0;580.0;808.5;491.0;940.5;420.0
547.5;649.5;691.0;582.0;811.5;491.0;942.5;420.0
549.5;651.5;693.0;579.0;811.5;488.0;942.5;419.0
549.5;649.5;692.0;574.0;809.5;483.0;942.5;417.0
547.5;645.5;689.0;567.0;806.5;477.0;940.5;415.0
543.5;639.5;685.0;562.0;802.5;472.0;937.5;414.0
537.0;634.0;679.0;557.0;798.5;468.0;937.5;413.0
529.0;626.0;671.0;552.0;795.5;467.0;937.5;412.0
520.0;616.0;662.0;546.0;790.5;467.0;935.5;413.0
510.0;602.0;653.0;539.0;786.5;467.0;935.0;413.5
502.0;587.0;645.0;531.0;781.5;465.0;934.0;415.5
496.0;573.0;637.0;522.0;774.5;461.0;930.5;415.0
491.0;557.0;629.0;511.0;767.5;456.0;926.5;415.0
487.5;540.5;623.5;499.5;759.5;449.0;922.5;415.0
485.5;522.5;618.5;487.5;754.5;443.0;919.5;413.0
485.5;503.5;614.5;473.5;748.5;437.0;915.5;412.0
488.5;480.5;615.5;457.5;744.5;429.0;912.5;411.0
488.5;452.5;617.5;440.5;744.5;419.0;908.5;408.0
486.5;428.5;615.0;421.0;745.5;410.0;905.5;409.0
486.5;408.5;613.0;404.0;745.5;400.0;909.5;405.0
486.5;389.5;611.0;386.0;747.5;390.0;916.5;402.0
485.5;372.5;611.0;368.0;750.5;377.0;919.5;400.0
484.5;350.5;612.0;349.0;754.5;364.0;919.5;396.0
488.5;326.5;618.0;330.0;759.5;350.0;920.5;391.0
493.5;298.5;626.0;309.0;765.5;338.0;921.5;388.0
502.5;272.5;636.0;292.0;771.5;331.0;921.5;387.0
509.5;253.5;644.0;280.0;775.5;328.0;921.5;388.0
515.5;236.5;649.0;272.0;779.5;327.0;925.5;389.0
519.5;222.5;654.0;264.0;783.5;324.0;927.5;390.0
522.5;212.5;658.0;255.0;787.5;320.0;928.5;390.0
527.5;200.5;663.0;247.0;792.5;313.0;930.5;386.0
530.5;192.5;667.0;238.0;796.0;306.5;931.5;382.0
533.5;187.5;671.0;234.0;797.5;304.0;931.5;382.0
533.5;186.5;670.0;233.0;797.5;305.0;932.5;382.0
529.5;187.5;666.0;236.0;794.5;309.0;932.5;383.0
525.5;190.5;663.0;242.0;792.5;315.0;931.5;386.0
521.5;194.5;658.0;249.0;788.5;321.0;932.5;388.0
517.5;200.5;654.0;256.0;786.5;327.0;931.5;391.0
513.5;208.5;650.0;264.0;782.5;330.0;931.5;391.0
509.5;216.5;645.0;272.0;778.0;333.5;928.5;391.0
504.5;226.5;636.0;283.0;774.0;336.5;926.5;389.0
496.5;241.5;630.0;297.0;769.0;342.5;924.5;389.0
492.5;259.5;623.0;312.0;765.0;347.5;923.5;390.0
489.5;278.5;619.0;325.0;759.0;355.5;921.5;391.0
487.5;297.5;614.0;338.0;754.0;363.5;918.5;394.0
486.5;315.5;611.0;351.0;750.0;371.5;917.5;395.0
488.5;340.5;611.0;367.0;747.5;380.0;914.5;398.0
488.5;372.5;614.0;390.0;745.5;392.0;910.5;401.0
488.5;401.5;617.0;410.0;747.5;404.0;908.5;403.0
489.5;426.5;617.0;427.0;748.5;412.0;911.5;405.0
489.5;446.5;618.0;442.0;751.5;421.0;915.5;406.0
489.5;471.5;618.0;461.0;755.5;431.0;920.5;408.0
490.5;496.5;621.0;482.0;760.5;443.0;924.5;412.0
496.5;528.5;629.0;505.0;767.5;458.0;928.5;416.0
505.5;558.5;640.0;526.0;775.5;470.0;929.5;418.0
514.5;582.5;652.0;542.0;780.5;476.0;930.5;420.0
523.5;601.5;662.0;553.0;786.5;479.0;930.5;420.0
532.5;615.5;670.0;560.0;791.5;482.0;932.5;419.0
537.5;627.5;677.5;569.5;798.5;487.0;935.5;418.0
541.5;638.5;683.5;577.5;802.5;489.0;939.5;419.0
545.5;645.5;689.0;581.0;810.5;494.0;942.5;420.0
549.5;649.5;693.0;584.0;813.5;493.0;943.5;420.0
550.5;650.5;693.0;582.0;813.5;490.0;943.5;420.0
549.5;650.5;693.0;576.0;810.5;484.0;943.5;418.0
547.5;644.5;690.0;569.0;806.5;478.0;940.5;415.0
543.5;639.5;686.0;564.0;802.5;473.0;939.5;413.0
537.5;633.5;679.0;558.0;798.5;469.0;938.5;413.0
529.5;625.5;672.0;553.0;794.5;468.0;937.5;413.0
520.0;615.0;664.0;548.0;791.5;467.0;936.5;413.0
511.0;602.0;654.0;539.0;786.5;467.0;935.5;413.0
503.0;588.0;645.0;532.0;781.5;465.0;933.5;415.0
497.0;573.0;637.0;522.0;773.5;460.0;930.5;415.0
492.0;558.0;630.0;510.0;767.5;455.0;926.5;414.0
488.0;540.0;624.0;499.0;760.0;447.5;922.5;413.0
487.0;524.0;617.0;484.0;754.0;441.5;919.5;412.0
487.0;505.0;614.0;472.0;749.5;436.0;916.5;411.0
488.5;480.5;615.0;457.0;744.0;426.5;912.5;408.0
488.0;453.0;617.0;438.0;743.0;418.5;907.5;406.0
484.0;429.0;613.0;418.0;744.0;408.5;904.5;407.0
484.0;407.0;610.0;402.0;744.0;399.5;908.5;404.0
484.0;389.0;609.0;387.0;744.0;389.5;914.5;402.0
483.0;372.0;609.0;370.0;748.0;378.5;915.5;400.0
482.0;352.0;609.0;350.0;752.0;364.5;916.5;397.0
485.0;326.0;615.0;330.0;756.0;349.5;918.5;390.0
490.0;298.0;623.0;308.0;762.0;336.5;918.5;387.0
498.0;271.0;631.0;291.0;768.0;329.5;917.5;386.0
504.0;252.0;639.0;279.0;771.0;326.5;917.5;386.0
510.0;236.0;644.0;271.0;774.0;325.5;920.5;387.0
514.0;222.0;648.0;262.0;778.0;323.5;921.5;388.0
517.0;211.0;653.0;254.0;782.0;319.5;922.5;389.0
520.0;201.0;657.0;245.0;787.0;312.5;924.5;385.0
524.0;192.0;661.0;237.0;790.0;305.5;925.5;381.0
527.0;187.0;664.0;233.0;792.0;302.5;926.5;381.0
526.0;187.0;664.0;233.0;792.0;303.5;926.5;381.0
522.0;187.0;661.0;236.0;790.0;307.5;927.5;382.0
519.0;190.0;657.0;241.0;787.0;314.5;927.5;385.0
517.0;194.0;653.0;249.0;783.5;321.0;927.5;387.0
514.0;201.0;649.0;256.0;781.5;326.0;926.5;388.0
510.0;207.0;646.0;264.0;778.5;329.0;926.5;389.0
505.0;215.0;641.0;272.0;776.0;332.5;926.5;389.0
500.0;226.0;633.0;283.0;771.0;335.5;923.5;389.0
494.0;241.0;626.0;296.0;767.0;340.5;922.5;388.0
488.5;259.5;622.0;309.0;762.0;346.5;921.5;389.0
484.5;277.5;616.0;323.0;757.0;353.5;920.5;389.0
484.0;296.0;612.0;337.0;753.0;361.5;917.5;391.0
485.0;315.0;611.0;349.0;749.0;369.5;916.5;392.0
486.0;338.0;610.0;365.0;746.0;378.5;913.5;395.0
489.0;369.0;613.0;386.0;745.0;390.5;910.5;399.0
488.0;400.0;616.0;408.0;747.0;401.5;907.5;401.0
489.0;424.0;616.0;424.0;748.0;409.5;910.5;400.0
489.0;443.0;617.0;438.0;751.0;416.5;915.5;401.0
489.0;464.0;618.0;454.0;755.0;425.5;919.5;403.0
490.0;489.0;620.0;476.0;760.0;438.5;924.5;405.0
495.5;520.5;628.0;498.0;768.0;452.5;928.5;410.0
504.5;552.5;640.0;519.0;776.0;465.5;929.5;412.0
515.5;577.5;652.0;537.0;781.0;471.5;930.5;413.0
523.5;595.5;662.0;548.0;786.0;473.5;931.5;414.0
531.5;609.5;670.0;555.0;792.0;475.5;931.5;414.0
537.5;621.5;678.0;563.0;798.0;479.5;935.5;413.0
541.5;631.5;683.0;570.0;804.0;483.5;939.5;414.0
546.0;639.0;689.0;576.0;811.0;488.5;943.5;415.0
550.0;643.0;693.0;578.0;814.0;487.5;944.5;415.0
551.0;644.0;696.0;577.0;813.0;484.5;944.5;414.0
551.0;643.0;694.0;572.0;811.0;480.5;944.5;413.0
548.0;639.0;690.0;564.0;807.0;472.5;941.5;410.0
544.0;633.0;686.0;558.0;803.0;467.5;940.5;407.0
538.0;628.0;681.0;553.0;799.0;464.5;938.5;406.0
530.0;619.0;672.0;548.0;795.0;462.5;937.5;406.0
521.0;609.0;662.0;541.0;791.0;462.5;936.5;407.0
511.0;596.0;654.0;535.0;786.5;462.0;935.5;408.0
503.0;582.0;644.0;524.0;780.5;459.0;933.5;409.0
496.5;568.5;637.0;515.0;773.5;455.0;929.5;410.0
491.5;552.5;629.0;505.0;766.5;449.0;926.5;410.0
487.5;535.5;623.0;493.0;760.5;443.0;923.5;408.0
487.5;519.5;618.0;481.0;753.5;436.0;919.5;407.0
486.5;500.5;615.0;468.0;748.5;430.0;915.5;406.0
488.5;477.5;615.0;452.0;743.5;423.0;912.5;404.0
488.5;450.5;616.0;432.0;743.5;413.0;908.5;402.0
486.0;425.0;615.0;415.0;744.5;404.0;904.5;402.0
486.0;404.0;612.0;398.0;744.5;394.0;909.5;399.0
486.5;385.5;612.0;382.0;746.5;385.0;916.5;396.0
486.5;368.5;612.0;364.0;750.5;373.0;919.5;394.0
485.5;347.5;614.0;345.0;754.5;359.0;920.5;391.0
486.5;323.5;619.0;325.0;759.5;345.0;921.5;386.0
494.5;294.5;627.0;305.0;765.0;331.5;922.5;382.0
501.5;267.5;636.0;287.0;771.0;325.5;921.5;380.0
508.5;247.5;643.0;275.0;776.0;322.5;923.5;382.0
514.5;232.5;648.0;267.0;779.0;320.5;925.5;383.0
518.5;218.5;652.0;258.0;782.0;318.5;925.5;384.0
521.5;207.5;658.0;250.0;786.5;315.0;928.5;384.0
525.5;197.5;662.0;241.0;790.0;308.5;930.5;381.0
529.5;187.5;666.0;232.0;795.0;300.5;930.5;377.0
531.5;183.5;669.0;228.0;797.0;298.5;931.0;376.5
531.0;180.0;669.0;227.0;797.0;298.5;932.0;376.5
527.0;180.0;665.0;230.0;794.0;302.5;932.5;379.0
522.5;182.5;661.0;236.0;792.0;308.5;931.5;379.0
520.5;189.5;657.0;243.0;788.0;315.5;931.5;382.0
516.5;194.5;653.0;251.0;785.0;320.5;931.5;383.0
512.5;203.5;649.0;260.0;782.0;324.5;930.5;384.0
508.5;211.5;642.0;269.0;778.0;326.5;929.5;384.0
502.5;220.5;637.0;277.0;773.0;330.5;925.5;384.0
495.5;234.5;629.0;290.0;769.0;335.5;925.5;383.0
491.5;254.5;622.0;305.0;764.0;342.5;922.5;385.0
487.5;272.5;617.0;319.0;759.0;349.5;921.5;386.0
485.5;290.5;613.0;332.0;754.0;357.5;919.5;388.0
485.5;308.5;610.0;346.0;749.0;365.5;916.5;389.0
486.0;333.0;610.0;361.0;746.0;374.5;913.5;392.0
487.0;364.0;613.0;383.0;745.0;386.5;910.5;396.0
487.0;395.0;615.0;406.0;746.0;399.5;907.5;399.0
487.0;419.0;615.0;422.0;747.0;407.5;908.5;400.0
488.0;440.0;616.0;436.0;749.0;415.5;914.5;400.0
487.0;463.0;616.0;453.0;753.0;425.5;918.5;403.0
487.0;488.0;619.0;474.0;759.0;437.5;922.5;406.0
492.0;519.0;626.0;497.0;765.0;450.5;926.5;410.0
502.0;552.0;637.0;520.0;772.0;463.5;927.5;413.0
512.0;578.0;648.0;536.0;778.0;470.5;928.5;414.0
520.0;597.0;658.0;548.0;783.0;474.5;928.5;415.0
528.0;611.0;666.0;556.0;789.0;477.5;930.5;415.0
533.0;623.0;674.0;564.0;795.0;480.5;933.5;415.0
539.0;633.0;680.0;573.0;801.0;485.5;936.5;416.0
544.0;641.0;686.0;577.0;808.0;489.5;940.5;417.0
548.0;646.0;690.5;580.5;811.5;489.0;943.5;417.0
549.0;647.0;693.0;579.0;811.5;485.0;943.5;416.0
549.0;646.0;691.5;574.5;809.5;481.0;943.5;414.0
546.0;642.0;688.5;566.5;805.5;474.0;940.5;413.0
543.0;635.0;685.5;560.5;801.5;469.0;938.5;410.0
537.0;630.0;679.5;555.5;797.5;466.0;938.5;410.0
528.0;622.0;671.5;551.5;794.5;465.0;937.5;409.0
519.0;612.0;662.5;544.5;790.5;464.0;935.5;410.0
510.0;598.0;653.0;538.0;786.5;464.0;935.5;411.0
501.0;584.0;645.0;529.0;780.5;462.0;933.5;412.0
496.0;571.0;636.0;518.0;774.0;457.5;930.5;413.0
491.0;555.0;629.0;507.0;767.0;452.5;926.5;412.0
487.0;537.0;623.0;496.0;760.0;443.5;922.5;410.0
487.0;521.0;618.0;484.0;754.0;438.5;919.5;410.0
486.0;503.0;614.0;470.0;749.0;432.5;915.5;409.0
487.0;479.0;614.0;454.0;744.0;424.5;912.5;407.0
487.0;452.0;616.0;435.0;743.0;416.5;908.5;405.0
485.0;428.0;614.0;418.0;744.0;406.5;905.0;404.5
484.0;406.0;611.0;401.0;743.0;396.5;909.0;402.5
485.0;387.0;610.0;385.0;745.0;388.5;915.0;399.5
484.0;371.0;610.0;368.0;749.0;376.5;918.0;397.5
483.0;351.0;611.0;349.0;753.0;362.5;919.0;394.5
484.0;326.0;615.0;328.0;757.0;347.5;921.0;387.5
491.0;298.0;624.0;307.0;763.0;335.5;921.0;384.5
499.0;271.0;633.0;289.0;770.0;327.5;920.0;383.5
505.0;252.0;640.0;277.0;773.0;324.5;921.0;384.5
510.0;235.0;645.0;269.0;776.0;323.5;923.0;385.5
514.0;221.0;649.0;260.0;779.5;321.0;924.0;387.5
518.0;210.0;653.0;252.0;783.0;317.5;925.0;386.5
521.0;199.0;658.0;243.0;787.5;310.0;925.5;383.0
524.0;190.0;662.0;235.0;791.0;302.5;925.5;379.0
526.0;186.0;664.0;232.0;793.0;300.5;927.5;378.0
526.0;183.0;664.0;230.0;792.0;299.5;927.5;378.0
523.0;183.0;661.0;232.0;789.0;303.5;927.5;379.0
519.0;185.0;657.0;238.0;787.0;310.5;927.5;382.0
515.0;190.0;653.0;245.0;783.5;317.0;927.5;383.0
513.0;197.0;650.0;253.0;781.5;322.0;927.5;385.0
509.0;205.0;646.0;261.0;777.5;326.0;926.5;386.0
504.0;213.0;641.0;269.0;775.5;329.0;926.5;386.0
500.0;223.0;633.0;280.0;770.5;332.0;923.5;386.0
494.0;237.0;626.0;292.0;765.0;336.5;922.5;385.0
489.0;256.0;621.0;306.0;762.0;342.5;922.5;386.0
485.0;274.0;617.0;320.0;757.5;350.0;919.5;387.0
484.0;291.0;613.0;334.0;752.5;358.0;919.5;388.0
485.0;310.0;610.5;347.5;749.5;366.0;915.5;390.0
487.0;333.0;609.5;362.5;745.5;375.0;915.5;392.0
489.0;364.0;613.5;384.5;745.5;388.0;911.5;396.0
488.0;395.0;616.5;407.5;746.5;400.0;908.5;399.0
488.0;420.0;616.5;423.5;747.5;407.0;910.5;399.0
489.0;440.0;617.5;437.5;749.5;415.0;915.5;400.0
489.0;463.0;618.5;453.5;754.5;424.0;920.0;402.5
490.0;488.0;621.0;475.0;759.5;437.0;925.0;406.5
495.0;519.0;629.0;497.0;766.5;452.0;929.0;410.5
504.0;552.0;640.0;520.0;774.5;463.0;931.0;412.5
514.0;577.0;651.0;537.0;780.5;471.0;931.5;414.0
523.0;596.0;661.0;548.0;784.5;474.0;930.5;415.0
530.0;610.0;669.0;556.0;790.0;475.5;931.5;415.0
536.0;622.0;676.0;565.0;796.0;480.5;934.5;413.0
540.0;633.0;682.0;572.0;802.0;483.5;937.5;414.0
544.0;641.0;687.0;578.0;808.0;487.5;941.5;415.0
548.0;645.0;691.0;580.0;812.0;487.5;942.5;415.0
549.0;646.0;693.0;578.0;811.0;484.5;942.5;414.0
548.0;646.0;692.0;572.0;809.0;479.5;942.5;413.0
546.0;641.0;689.0;566.0;806.0;473.5;940.5;411.0
541.5;634.5;685.0;560.0;801.0;468.5;937.5;409.0
536.5;629.5;679.0;554.0;797.0;464.5;937.5;408.0
527.5;620.5;671.0;550.0;794.0;463.5;936.5;408.0
519.5;610.5;663.0;544.0;790.0;462.5;936.5;409.0
508.5;598.5;653.0;538.0;786.0;463.5;934.5;409.0
501.5;584.5;645.0;530.0;781.0;460.5;932.5;410.0
495.5;570.5;637.0;518.0;774.0;457.5;930.5;411.0
490.5;554.5;629.0;506.0;767.0;451.5;926.5;410.0
486.5;537.5;622.0;494.0;760.0;443.5;922.5;409.0
486.5;521.5;618.0;482.0;754.0;438.5;919.5;408.0
485.5;502.5;614.0;469.0;749.0;431.5;915.5;407.0
487.5;479.5;614.0;454.0;744.0;424.5;912.5;406.0
488.5;452.5;615.0;435.0;743.0;415.5;908.5;403.0
484.5;427.5;613.0;417.0;744.0;406.5;904.5;404.0
484.0;406.0;611.0;400.0;743.0;396.5;908.5;401.0
484.0;388.0;610.0;384.0;744.0;386.5;914.5;397.0
484.0;372.0;610.0;367.0;748.0;375.5;917.5;395.0
483.0;351.0;611.0;348.0;753.0;361.5;918.5;393.0
484.0;326.0;616.0;328.0;758.0;347.5;919.5;388.0
491.0;297.0;624.0;307.0;764.0;334.5;920.5;384.0
499.5;269.5;633.0;290.0;769.5;327.0;920.5;383.0
506.5;251.5;641.0;277.0;774.0;323.5;921.5;383.0
511.0;235.0;646.0;269.0;776.5;322.0;922.5;384.0
516.0;220.0;651.0;260.0;780.5;321.0;924.5;385.0
520.0;209.0;656.0;252.0;784.5;317.0;926.5;385.0
523.0;199.0;660.0;243.0;788.5;310.0;927.5;382.0
527.0;190.0;665.0;235.0;792.5;304.0;928.5;379.0
530.0;185.0;667.0;230.0;795.0;298.5;929.5;378.0
528.0;183.0;667.0;229.0;795.0;299.5;930.5;378.0
525.0;184.0;663.0;232.0;792.0;304.5;930.0;378.5
521.0;187.0;659.0;238.0;790.0;310.5;930.0;382.5
517.0;191.0;655.0;246.0;786.0;316.5;930.0;384.5
514.0;198.0;651.0;253.0;783.0;322.5;929.5;387.0
510.0;206.0;647.0;261.0;780.0;326.5;927.5;387.0
506.5;213.5;642.0;269.0;777.0;329.5;927.5;386.0
501.0;223.0;634.0;282.0;772.0;333.5;923.5;386.0
494.0;237.0;627.0;294.0;767.0;337.5;923.5;386.0
489.0;256.0;620.0;309.0;763.0;344.5;920.5;387.0
486.5;273.5;616.0;322.0;758.0;351.5;919.5;388.0
484.5;292.5;613.0;336.0;753.0;359.5;918.5;389.0
484.5;311.5;609.5;348.5;749.0;368.5;915.5;392.0
486.5;335.5;610.0;365.0;747.0;376.5;913.5;394.0
488.5;365.5;613.0;386.0;746.0;389.5;910.5;398.0
488.5;396.5;616.0;408.0;747.0;401.5;908.0;400.5
488.5;421.5;616.0;425.0;748.0;410.5;912.0;402.5
489.5;441.5;617.0;439.0;750.0;415.5;916.0;402.5
490.0;463.0;618.0;455.0;755.0;425.5;920.0;404.5
491.0;488.0;622.0;475.0;761.0;437.5;925.0;408.5
496.0;519.0;629.0;500.0;768.0;450.5;930.0;410.5
504.5;550.5;640.0;521.0;775.0;464.5;932.0;413.5
515.5;576.5;652.0;537.0;782.0;471.5;932.0;415.5
523.5;595.5;662.0;548.0;787.0;475.5;932.0;416.5
532.0;610.0;670.0;557.0;792.0;478.5;933.0;415.5
537.0;622.0;677.0;566.0;798.0;481.5;936.0;414.5
541.0;632.0;682.0;573.0;804.0;484.5;940.0;415.5
545.0;640.0;688.0;578.0;809.5;488.0;943.0;416.5
549.0;644.0;692.0;580.0;812.5;488.0;944.0;416.5
550.0;646.0;693.0;578.0;812.5;485.0;944.0;415.5
550.0;645.0;693.0;573.0;810.5;481.0;943.0;414.5
547.0;640.0;690.0;566.0;805.5;474.0;942.0;410.5
542.5;634.5;686.0;561.0;802.5;469.0;941.0;408.5
537.5;628.5;680.0;556.0;798.5;465.0;939.0;408.5
528.5;620.5;672.0;550.0;795.0;463.5;938.5;408.0
519.5;610.5;663.0;544.0;791.0;463.5;937.5;409.0
509.5;597.5;654.0;537.0;786.5;463.0;936.5;410.0
501.5;583.5;646.0;528.0;780.5;461.0;934.5;411.0
496.5;569.5;638.0;519.0;774.5;457.0;930.5;412.0
492.0;554.0;630.0;507.0;767.5;450.0;927.0;410.5
487.0;537.0;623.0;494.0;759.5;443.0;924.0;409.5
487.0;521.0;618.0;482.0;753.5;438.0;920.0;408.5
487.0;502.0;614.0;469.0;748.0;430.5;917.0;407.5
487.0;480.0;614.0;454.0;744.0;423.5;914.0;405.5
488.5;452.5;617.0;435.0;744.5;414.0;910.0;402.5
485.5;426.5;615.0;416.0;744.5;405.0;905.0;402.5
484.5;405.5;612.0;399.0;743.5;395.0;909.0;399.5
485.5;387.5;611.0;384.0;746.0;385.5;914.0;398.5
485.5;372.5;611.0;367.0;749.0;374.5;918.0;395.5
483.5;352.5;612.0;348.0;753.0;361.5;919.0;392.5
484.5;328.5;616.0;328.0;758.0;347.5;920.0;387.5
492.0;299.0;624.0;307.0;764.0;334.5;922.0;383.5
500.0;271.0;633.0;289.0;771.0;325.5;922.0;382.5
508.0;251.0;641.0;277.0;775.0;323.5;922.0;382.5
513.0;235.0;647.0;267.0;778.0;321.5;924.0;383.5
517.0;221.0;652.0;260.0;782.0;321.5;926.0;386.5
521.0;211.0;657.0;252.0;786.0;316.5;928.0;385.5
523.5;199.5;661.0;244.0;789.0;310.5;929.0;382.5
528.5;190.5;665.0;236.0;794.0;303.5;930.0;379.5
530.5;186.5;668.0;231.0;797.0;298.5;932.0;377.5
530.5;183.5;668.0;229.0;796.0;299.5;932.0;377.5
527.5;183.5;666.0;233.0;794.0;303.5;932.0;379.5
523.5;187.5;662.0;238.0;792.0;308.5;933.0;382.5
520.5;191.5;658.0;246.0;788.0;316.5;933.0;384.5
518.0;197.0;655.0;253.0;786.0;322.5;932.0;385.5
513.5;204.5;651.0;261.0;783.0;326.5;932.0;386.5
510.5;214.5;646.0;269.0;780.0;329.5;931.0;386.5
504.5;222.5;638.0;281.0;775.0;333.5;929.0;386.5
497.5;236.5;630.0;293.0;770.0;337.5;927.0;385.5
492.5;255.5;623.0;308.0;766.0;343.5;925.0;387.5
489.5;274.5;619.0;322.0;761.0;350.5;924.0;387.5
488.5;290.5;616.0;335.0;756.0;357.5;923.0;389.5
488.5;309.5;613.0;347.0;753.0;366.5;920.0;390.5
490.0;333.0;612.0;363.0;750.0;375.5;918.0;392.5
492.0;364.0;616.0;385.0;749.0;387.5;915.0;397.5
491.0;394.0;619.0;407.0;750.0;400.5;912.0;399.5
492.0;418.0;619.0;423.0;751.5;408.0;913.0;400.5
493.0;439.0;620.0;437.0;752.5;414.0;918.0;400.5
493.0;461.0;621.0;453.0;757.5;423.0;923.0;403.5
494.0;486.0;624.0;474.0;762.5;436.0;927.0;404.5
499.0;516.0;631.0;498.0;769.0;449.5;931.0;409.5
506.0;549.0;642.0;520.0;777.0;462.5;933.0;411.5
516.0;574.0;653.0;537.0;784.0;469.5;933.0;413.5
525.0;593.0;664.0;548.0;788.0;474.5;933.5;414.0
532.0;608.0;672.0;556.0;793.0;476.5;934.0;413.5
537.0;620.0;678.0;564.0;799.0;480.5;937.0;413.5
542.0;630.0;684.0;571.0;806.0;484.5;941.0;414.5
547.0;638.0;689.0;576.0;810.0;486.5;944.0;414.5
550.0;643.0;693.0;579.0;814.0;486.5;945.0;414.5
551.0;644.0;696.0;577.0;814.0;483.5;946.0;414.5
551.0;643.0;695.0;571.0;812.0;478.5;945.0;412.5
548.0;638.0;692.0;565.0;809.0;472.5;943.0;410.5
545.0;633.0;689.0;560.0;805.0;467.5;941.0;407.5
539.0;627.0;683.0;555.0;800.0;463.5;940.0;407.5
530.0;619.0;675.0;549.0;797.0;462.5;940.0;407.5
521.0;610.0;666.0;545.0;793.0;461.5;939.0;407.5
511.0;596.0;655.0;537.0;789.0;462.5;938.0;408.5
503.0;583.0;647.0;529.0;783.5;460.0;935.0;409.5
498.0;569.0;640.0;519.0;775.5;456.0;932.0;410.5
493.0;555.0;632.0;508.0;768.5;450.0;929.0;410.5
489.0;538.0;624.0;494.0;760.5;442.0;926.0;408.5
489.0;522.0;620.5;482.5;755.5;437.0;922.0;408.5
488.0;505.0;616.0;470.0;750.5;431.0;918.0;406.5
489.5;481.5;616.0;454.0;745.5;424.0;915.0;405.5
490.5;453.5;618.0;434.0;744.5;414.0;910.5;402.0
487.5;427.5;617.0;417.0;745.5;404.0;906.5;402.0
486.5;407.5;614.0;400.0;745.5;394.0;910.5;399.0
487.0;389.0;613.0;386.0;746.0;385.5;916.5;398.0
487.0;372.0;613.0;369.0;751.0;375.5;919.5;396.0
486.0;352.0;613.0;350.0;755.0;361.5;920.5;393.0
487.0;328.0;618.0;329.0;760.0;348.5;923.5;386.0
493.0;300.0;626.0;308.0;766.0;335.5;922.5;383.0
501.0;272.0;635.0;289.0;771.0;326.5;922.5;382.0
508.0;251.0;643.0;277.0;776.0;323.5;923.5;383.0
513.0;235.0;648.0;269.0;779.0;321.5;925.5;383.0
517.0;221.0;652.0;261.0;783.0;320.5;927.5;385.0
521.0;211.0;657.0;253.0;787.0;316.5;928.5;386.0
525.0;200.0;662.0;243.0;791.5;310.0;930.5;382.0
529.0;190.0;666.0;236.0;795.5;303.0;930.5;378.0
531.0;186.0;668.0;230.0;796.5;299.0;932.5;377.0
531.0;182.0;669.0;230.0;796.5;298.0;932.5;377.0
527.0;183.0;665.0;232.0;794.5;301.0;932.5;378.0
523.0;186.0;661.0;238.0;790.5;309.0;932.5;381.0
520.0;191.0;657.0;245.0;789.0;314.5;932.5;384.0
517.0;196.0;653.0;253.0;785.0;321.5;931.5;385.0
513.0;204.0;650.0;261.0;783.0;325.5;931.5;386.0
509.0;212.0;645.0;269.0;779.0;328.5;930.5;386.0
503.0;221.0;637.0;281.0;774.0;332.5;927.5;386.0
497.0;235.0;629.0;293.0;769.5;338.0;925.5;386.0
492.0;253.0;623.0;308.0;764.5;343.0;924.5;386.0
489.0;272.0;619.0;321.0;760.5;351.0;923.5;387.0
488.0;289.0;615.0;335.0;755.5;358.0;920.5;389.0
487.0;308.0;613.0;347.0;751.5;366.0;919.5;390.0
489.0;332.0;612.0;363.0;749.0;375.5;916.5;393.0
490.0;363.0;615.0;386.0;747.0;388.5;913.5;397.0
490.0;394.0;618.0;408.0;749.0;400.5;910.5;400.0
491.0;420.0;619.0;425.0;749.0;409.5;911.5;402.0
491.0;440.0;619.0;440.0;752.0;417.5;916.5;403.0
490.5;460.5;620.0;456.0;756.0;426.5;921.5;404.0
492.0;486.0;623.0;476.0;761.0;438.5;925.5;408.0
497.0;516.0;630.0;500.0;767.0;451.5;929.5;411.0
505.0;549.0;641.0;523.0;776.0;465.5;930.5;414.0
515.0;576.0;652.0;540.0;781.0;472.5;931.5;415.0
524.0;595.0;663.0;551.0;787.0;476.5;931.5;416.0
531.0;609.0;672.0;559.0;791.0;478.5;932.5;416.0
536.0;621.0;678.0;568.0;798.0;482.5;935.5;415.0
541.0;632.0;684.0;575.0;804.0;485.5;939.5;416.0
545.0;640.0;690.0;580.0;810.0;488.5;942.5;417.0
549.0;645.0;694.0;583.0;814.0;489.5;945.5;417.0
550.0;647.0;696.0;581.0;814.0;485.5;945.5;416.0
551.0;646.0;695.0;576.0;812.0;482.5;944.5;413.0
548.0;642.0;692.0;569.0;808.0;474.5;941.5;412.0
544.5;636.5;688.0;563.0;804.0;470.5;940.5;409.0
538.5;631.5;683.0;558.0;800.0;467.5;939.5;409.0
529.5;622.5;674.0;554.0;797.0;464.5;939.0;408.5
521.0;613.0;666.0;548.0;793.0;465.5;938.0;409.5
511.0;600.0;655.0;541.0;788.0;465.5;937.0;410.5
503.0;587.0;647.0;533.0;783.0;463.5;936.0;411.5
497.0;574.0;638.0;523.0;776.0;459.5;933.0;413.5
492.0;559.0;631.0;511.0;768.0;454.5;929.0;413.5
489.0;543.0;624.0;498.0;761.0;447.5;925.0;411.5
488.0;527.0;620.0;487.0;755.0;441.5;921.0;410.5
488.0;510.0;616.0;474.0;749.0;434.5;917.5;409.0
490.0;486.0;615.0;458.0;745.0;425.5;914.5;407.0
490.0;458.0;618.0;439.0;744.0;416.5;910.5;404.0
487.0;432.0;616.0;420.0;746.0;407.5;905.5;405.0
487.0;411.0;613.0;403.0;745.0;398.5;910.5;402.0
487.0;393.0;612.0;389.0;746.0;389.5;915.5;400.0
487.0;376.0;613.0;372.0;750.0;379.5;919.5;398.0
486.0;356.0;614.0;353.0;755.0;365.5;920.5;395.0
487.0;331.0;618.0;333.0;759.0;349.5;922.5;388.0
492.5;301.5;626.0;311.0;765.0;337.5;922.5;385.0
502.0;274.0;634.0;292.0;772.0;327.5;923.5;384.0
508.0;256.0;642.0;279.0;776.0;324.5;923.5;384.0
514.0;238.0;648.0;271.0;778.5;323.0;926.5;384.0
518.0;223.0;653.0;263.0;783.5;322.0;927.5;386.0
522.0;211.0;658.0;254.0;786.5;317.0;929.5;386.0
525.5;200.5;663.0;245.0;791.5;310.0;931.5;383.0
529.0;191.0;667.0;236.0;795.5;303.0;931.5;379.0
532.0;186.0;670.0;231.0;797.5;299.0;933.5;377.0
532.0;182.0;669.0;229.0;797.5;299.0;934.5;377.0
528.5;182.5;668.0;230.0;796.5;301.0;934.5;378.0
525.5;184.5;663.0;237.0;792.5;308.0;934.5;380.0
521.5;188.5;659.0;244.0;789.5;315.0;933.5;382.0
520.0;194.0;655.0;252.0;787.0;319.5;934.5;385.0
516.0;202.0;652.0;260.0;785.0;324.5;933.5;385.0
511.0;210.0;647.0;268.0;781.0;327.5;932.5;384.0
507.0;220.0;639.0;279.0;777.0;331.5;931.5;384.0
500.0;232.0;632.0;292.0;773.0;335.5;928.5;384.0
496.0;251.0;625.0;306.0;768.0;341.5;927.5;385.0
492.0;269.0;621.0;319.0;763.0;348.5;925.5;385.0
490.0;286.0;618.0;332.0;758.5;356.0;924.5;386.0
490.0;305.0;615.0;345.0;754.5;364.0;921.5;388.0
491.0;328.0;614.0;359.0;750.5;373.0;918.5;391.0
492.0;359.0;617.0;382.0;749.5;385.0;916.5;395.0
491.0;391.0;620.0;405.0;750.5;398.0;912.5;397.0
491.0;416.0;620.0;423.0;750.5;406.0;913.5;399.0
492.0;436.0;620.0;436.0;752.5;414.0;917.5;399.0
492.0;457.0;620.0;452.0;757.5;423.0;922.5;402.0
492.0;482.0;623.0;473.0;761.5;435.0;925.5;405.0
497.0;512.0;630.0;497.0;768.5;450.0;930.5;409.0
505.0;544.0;641.0;520.0;776.5;462.0;932.5;411.0
515.0;571.0;653.0;537.0;782.5;469.0;932.5;413.0
525.0;591.0;663.0;549.0;787.5;474.0;933.0;413.5
533.0;606.0;672.0;557.0;792.5;476.0;934.0;413.5
538.0;618.0;680.0;565.0;800.5;481.0;937.0;412.5
542.0;629.0;686.0;573.0;804.5;483.0;941.0;414.5
546.0;637.0;692.0;579.0;811.5;488.0;945.0;414.5
551.0;641.0;697.0;582.0;816.5;488.0;948.0;414.5
553.0;642.0;698.0;579.0;816.5;484.0;948.0;414.5
554.0;642.0;698.0;573.0;814.5;480.0;947.0;411.5
552.0;639.0;697.0;568.0;810.5;473.0;945.0;410.5
548.5;633.5;693.0;562.0;807.5;468.0;945.0;407.5
542.5;627.5;687.0;557.0;803.5;465.0;944.0;407.5
534.5;619.5;679.0;552.0;800.5;464.0;944.0;408.5
525.5;609.5;671.0;548.0;797.0;463.5;944.0;408.5
515.5;596.5;662.0;542.0;792.0;463.5;942.0;408.5
507.5;583.5;653.0;533.0;787.0;461.5;939.0;410.5
501.5;570.5;644.0;522.0;780.0;457.5;937.0;411.5
497.0;557.0;636.0;510.0;773.0;452.5;934.0;411.5
494.0;542.0;629.0;496.0;765.0;445.5;930.0;410.5
493.0;527.0;623.0;483.0;758.0;436.5;926.0;408.5
491.0;510.0;619.0;471.0;753.0;431.5;922.0;406.5
491.0;486.0;618.0;456.0;748.0;422.5;918.0;404.5
492.0;458.0;619.0;434.0;746.0;412.5;913.0;401.5
488.0;431.0;617.0;416.0;747.0;401.5;907.0;401.5
487.0;409.0;614.0;399.0;746.0;393.5;911.0;399.5
487.0;391.0;614.0;386.0;747.0;387.5;918.0;397.5
486.5;373.5;613.0;371.0;751.0;377.5;921.0;396.5
485.5;353.5;613.0;352.0;755.0;364.5;922.0;394.5
486.5;329.5;618.0;331.0;760.0;350.5;924.0;387.5
492.5;299.5;626.0;308.0;765.0;336.5;924.0;383.5
501.0;270.0;635.0;289.0;771.0;326.5;924.0;383.5
508.0;250.0;643.0;277.0;776.0;323.5;925.0;382.5
513.0;236.0;649.0;268.0;780.0;321.5;926.0;383.5
517.0;221.0;653.0;260.0;784.0;319.5;928.0;384.5
522.0;209.0;658.0;251.0;788.0;315.5;931.0;384.5
525.0;198.0;663.0;242.0;793.0;308.5;933.0;382.5
529.0;189.0;667.0;235.0;797.0;302.5;933.0;379.5
532.0;184.0;670.0;230.0;798.0;299.5;934.0;377.5
532.0;181.0;671.0;228.0;798.0;298.5;934.0;377.5
529.5;181.5;668.0;232.0;797.0;302.5;935.0;379.5
527.5;183.5;665.0;237.0;794.0;308.5;935.0;382.5
522.5;189.5;661.0;245.0;790.0;316.5;935.0;382.5
518.5;197.5;657.0;253.0;788.0;321.5;935.0;385.5
515.5;204.5;652.0;261.0;785.0;325.5;934.0;386.5
510.5;212.5;646.0;271.0;781.0;328.5;932.0;386.5
505.5;221.5;638.0;281.0;776.0;332.5;931.0;385.5
496.5;237.5;630.0;293.0;771.0;336.5;927.0;385.5
491.5;256.5;623.0;308.0;766.0;343.5;925.0;386.5
488.0;275.0;619.0;322.0;760.0;350.5;923.0;388.5
487.0;292.0;614.0;336.0;755.0;358.5;921.0;389.5
486.0;310.0;611.0;349.0;750.0;367.5;919.0;390.5
487.0;333.0;610.0;362.0;747.0;375.5;915.0;392.5
489.0;364.0;613.0;385.0;745.0;387.5;912.0;397.5
488.0;395.0;616.0;408.0;747.0;399.5;909.0;399.5
489.0;420.0;617.0;425.0;748.0;407.5;910.0;400.5
490.0;439.0;617.0;439.0;749.0;414.5;915.0;400.5
489.5;459.5;617.0;455.0;753.5;424.0;919.0;402.5
489.5;482.5;621.0;475.0;759.5;435.0;924.0;405.5
494.5;512.5;628.0;498.0;765.5;449.0;928.0;409.5
502.0;545.0;639.0;521.0;774.5;463.0;929.0;412.5
512.0;572.0;651.0;538.0;780.5;470.0;930.0;413.5
522.0;592.0;661.0;550.0;784.5;474.0;931.0;414.5
529.0;606.0;670.0;557.0;789.5;475.0;931.0;413.5
535.0;617.0;678.0;565.0;794.5;477.0;935.0;411.5
540.0;627.0;684.5;573.5;802.5;482.0;938.0;412.5
543.5;635.5;690.0;578.0;809.5;485.0;942.0;413.5
548.5;638.5;694.0;580.0;813.0;486.5;945.0;413.5
549.5;639.5;696.0;578.0;813.5;483.0;945.0;411.5
549.5;638.5;695.0;573.0;810.5;478.0;945.0;409.5
547.5;634.5;692.5;565.5;807.5;471.0;942.0;409.5
542.5;629.5;688.5;559.5;803.5;466.0;941.0;405.5
537.5;624.5;684.0;556.0;799.5;462.0;940.0;404.5
529.5;615.5;675.0;549.0;795.5;461.0;939.0;404.5
520.5;604.5;667.0;544.0;793.0;459.5;939.0;404.5
511.5;591.5;659.0;539.0;789.0;459.5;938.0;405.5
502.5;578.5;650.0;531.0;783.0;458.5;935.0;407.5
496.5;566.5;640.0;520.0;776.0;455.5;933.0;408.5
492.5;552.5;632.0;508.0;769.0;450.5;929.0;408.5
489.0;537.0;625.0;493.0;762.0;444.5;926.0;408.5
488.0;523.0;620.0;482.0;755.5;437.0;923.0;406.5
488.0;506.0;616.0;469.0;749.5;428.0;919.0;404.5
488.0;484.0;616.0;453.0;745.5;419.0;916.0;400.5
490.0;454.0;618.0;433.0;744.5;408.0;912.0;397.5
487.0;427.0;615.0;411.0;744.5;397.0;907.0;397.5
486.0;407.0;613.0;396.0;745.5;389.0;911.0;395.5
486.0;388.0;613.0;383.0;747.5;382.0;917.0;393.5
486.0;372.0;613.0;367.0;751.0;372.5;920.0;393.5
486.0;351.0;614.0;348.0;755.0;361.5;922.0;390.5
487.0;325.0;618.0;328.0;760.0;346.5;924.0;383.5
493.0;296.0;626.0;305.0;766.0;333.5;924.0;381.5
501.0;268.0;635.0;286.0;772.0;324.5;924.0;379.5
508.0;249.0;643.0;274.0;776.0;320.5;924.0;380.5
513.0;234.0;648.0;267.0;779.0;319.5;926.0;381.5
517.0;219.0;653.0;258.0;783.0;316.5;928.0;381.5
521.0;208.0;658.0;248.0;787.0;311.5;929.0;382.5
524.0;197.0;663.0;240.0;791.0;306.5;931.0;379.5
528.0;187.0;667.0;232.0;794.5;300.0;932.0;376.5
531.0;182.0;669.0;228.0;796.5;297.0;933.0;375.5
531.0;179.0;669.0;226.0;796.5;297.0;933.0;375.5
529.0;178.0;668.0;228.0;794.5;300.0;933.0;376.5
526.0;180.0;663.0;235.0;791.5;307.0;933.0;379.5
521.0;185.0;659.0;242.0;788.5;313.0;933.0;380.5
518.0;192.0;654.0;249.0;785.5;319.0;932.0;383.5
513.0;200.0;651.0;258.0;783.5;323.0;932.0;383.5
509.0;209.0;646.0;266.0;779.5;326.0;931.0;383.5
504.0;218.0;638.0;278.0;774.5;330.0;929.0;383.5
497.0;234.0;630.0;292.0;770.5;335.0;927.0;384.5
492.0;252.0;623.0;307.0;765.5;341.0;926.0;384.5
488.0;270.0;619.0;319.0;761.5;349.0;923.0;386.5
487.0;288.0;615.0;333.0;756.5;358.0;923.0;387.5
487.0;307.0;613.0;346.0;752.5;365.0;920.0;389.5
489.0;330.0;612.0;360.0;750.5;374.0;919.0;390.5
490.0;361.0;616.0;382.0;748.5;386.0;916.0;395.5
490.0;393.0;619.0;406.0;749.5;398.0;913.0;398.5
492.0;418.0;620.0;424.0;751.5;406.0;915.0;399.5
493.0;438.0;621.0;438.0;752.5;414.0;920.0;400.5
493.0;458.0;622.0;454.0;757.5;422.0;925.0;402.5
494.0;483.0;625.0;475.0;764.5;435.0;930.0;406.5
499.0;512.0;633.0;499.0;770.5;449.0;934.0;409.5
507.0;545.0;645.0;521.0;778.5;464.0;936.0;412.5
518.0;571.0;656.0;538.0;786.5;472.0;937.0;414.5
528.0;591.0;667.0;550.0;791.5;475.0;937.0;414.5
535.0;606.0;676.0;558.0;795.5;476.0;937.0;414.5
541.0;617.0;683.0;565.0;803.5;481.0;941.0;412.5
546.0;628.0;690.0;573.0;809.5;483.0;945.0;413.5
550.0;636.0;695.0;579.0;815.0;487.5;948.0;415.5
554.0;640.0;700.0;582.0;819.0;487.5;950.0;415.5
554.5;641.5;702.0;581.0;819.0;484.5;950.0;413.5
554.5;640.5;701.0;576.0;816.0;479.5;949.0;411.5
550.5;636.5;697.0;568.0;812.0;474.5;946.0;411.5
547.5;632.5;693.0;563.0;808.0;468.5;945.0;408.5
540.5;626.5;686.0;557.0;804.0;464.5;943.0;407.5
532.5;618.5;678.0;553.0;799.5;464.0;943.0;408.5
522.5;608.5;669.0;548.0;795.5;463.0;942.0;408.5
512.5;594.5;661.0;543.0;790.5;463.0;940.0;409.5
502.5;581.5;651.0;534.0;784.0;462.5;939.0;409.5
496.0;568.0;641.0;521.0;777.5;458.5;935.0;410.5
492.0;554.0;632.0;511.0;770.5;453.5;931.0;411.5
490.0;540.0;626.0;497.0;762.5;445.5;927.0;410.5
489.0;525.0;621.0;485.0;757.5;439.5;923.5;410.0
489.0;509.0;617.0;471.0;750.5;430.5;920.5;407.0
489.0;486.0;617.0;455.0;746.5;420.5;916.5;403.0
490.0;457.0;618.0;433.0;744.5;409.5;911.5;400.0
487.0;430.0;616.0;413.0;745.5;399.5;907.5;400.0
485.0;409.0;614.0;398.0;745.5;390.5;911.0;397.5
486.0;390.0;613.0;384.0;746.5;384.5;917.0;396.5
486.0;373.0;613.0;370.0;750.5;375.5;921.0;394.5
485.0;353.0;613.0;351.0;754.5;363.5;922.0;393.5
486.0;327.0;617.0;330.0;759.5;348.5;924.0;386.5
491.5;297.5;625.0;309.0;764.5;334.5;925.0;382.5
500.0;269.0;634.0;289.0;771.5;325.5;925.0;381.5
507.0;251.0;643.0;275.0;775.0;321.5;925.0;381.5
512.0;235.0;648.0;268.0;778.5;320.0;926.0;383.5
516.0;221.0;652.0;259.0;782.5;318.0;928.0;383.5
520.0;209.0;657.0;250.0;786.5;313.0;931.0;383.5
524.0;198.0;662.0;242.0;790.5;307.0;932.0;380.5
528.0;189.0;667.0;234.0;794.5;301.0;933.0;379.5
530.0;184.0;669.0;229.0;797.5;298.0;934.0;376.5
531.0;180.0;670.0;227.0;796.5;298.0;934.0;376.5
529.0;180.0;667.0;230.0;795.5;301.0;934.0;377.5
525.0;182.0;664.0;236.0;792.5;307.0;935.0;380.5
521.0;187.0;660.0;243.0;789.5;313.0;935.0;381.5
518.5;193.5;656.0;250.0;786.5;319.0;934.0;383.5
513.5;200.5;652.0;258.0;783.5;323.0;934.0;384.5
509.5;210.5;646.0;266.0;780.5;326.0;932.0;383.5
503.5;218.5;639.0;277.0;775.5;330.0;930.0;383.5
497.5;233.5;631.0;290.0;770.5;334.0;927.0;383.5
493.5;251.5;624.0;305.0;766.5;340.0;926.0;383.5
488.5;270.5;620.0;318.0;761.5;348.0;926.0;384.5
487.5;286.5;615.5;331.5;756.5;356.0;923.0;387.5
487.5;306.5;613.5;344.5;751.5;363.0;921.0;389.5
488.0;330.0;612.5;360.5;750.5;372.0;920.0;389.5
490.0;360.0;616.5;380.5;746.5;384.0;916.0;393.5
490.0;392.0;619.5;404.5;749.5;395.0;913.0;397.5
492.0;417.0;620.5;421.5;750.5;404.0;914.0;397.5
492.0;436.0;620.5;434.5;751.5;410.0;919.0;397.5
492.0;456.0;622.5;450.5;756.5;419.0;924.0;399.5
493.0;480.0;623.5;470.5;762.5;432.0;929.0;402.5
497.0;510.0;630.5;493.5;770.5;449.0;933.0;406.5
505.0;542.0;642.5;518.5;777.5;462.0;936.0;409.5
516.0;569.0;653.5;535.5;783.5;468.0;936.0;412.5
525.0;589.0;664.5;547.5;788.5;473.0;935.0;412.5
533.0;604.0;673.5;555.5;792.5;475.0;936.0;412.5
539.0;615.0;681.5;562.5;798.5;476.0;939.0;410.5
543.0;625.0;686.5;569.5;805.5;480.0;942.0;411.5
547.0;634.0;692.5;576.5;812.0;484.5;946.0;412.5
551.0;638.0;696.5;579.5;815.0;486.5;948.0;412.5
552.0;640.0;699.0;579.0;815.5;483.0;948.0;411.5
551.0;639.0;696.5;572.5;813.5;478.0;947.0;409.5
548.0;634.0;695.5;568.5;808.5;472.0;944.0;409.5
544.0;630.0;690.5;561.5;805.5;466.0;943.0;405.5
539.0;625.0;684.5;556.5;801.0;462.5;943.0;405.5
531.0;616.0;677.5;550.5;798.0;461.5;941.0;405.5
521.5;605.5;668.5;546.5;793.5;461.0;941.0;405.5
512.5;593.5;660.5;540.5;789.5;461.0;940.0;406.5
503.5;580.5;651.5;532.5;784.5;459.0;938.0;407.5
497.5;568.5;641.5;521.5;776.5;455.0;935.0;409.5
493.0;554.0;634.5;508.5;770.5;451.0;931.0;408.5
492.0;539.0;627.0;494.0;763.5;443.0;928.0;407.5
490.0;523.0;622.0;482.0;756.5;436.0;924.0;405.5
490.0;507.0;618.0;469.0;751.5;428.0;921.0;403.5
490.0;484.0;616.0;452.0;746.5;419.0;917.0;400.5
490.0;455.0;619.0;433.0;744.5;408.0;912.0;396.5
487.0;427.0;616.0;411.0;745.5;397.0;907.0;396.5
486.0;406.0;614.0;396.0;745.5;388.0;911.0;394.5
487.0;389.0;613.0;383.0;746.5;381.0;916.0;392.5
487.0;372.0;613.0;367.0;749.5;372.0;921.0;392.5
486.0;352.0;614.0;349.0;754.5;361.0;922.0;389.5
486.0;325.0;618.0;328.0;758.5;346.0;924.0;383.5
491.5;296.5;626.0;306.0;764.5;332.0;925.0;378.5
498.5;270.5;634.0;286.0;770.5;323.0;925.0;377.5
508.0;248.0;642.0;272.0;775.5;318.0;925.0;377.5
513.0;233.0;648.0;264.0;778.5;315.0;927.0;377.5
516.0;217.0;653.0;255.0;783.5;313.0;929.0;378.5
521.0;204.0;660.0;244.0;787.5;308.0;932.0;377.5
525.0;192.0;664.0;235.0;791.5;301.0;934.0;374.5
528.0;183.0;668.0;228.0;795.5;295.0;934.0;370.5
530.0;178.0;670.0;223.0;797.5;292.0;935.0;368.5
531.5;173.5;670.0;220.0;797.5;291.0;935.0;369.5
528.5;172.5;667.0;223.0;795.5;293.0;935.0;370.5
525.0;174.0;664.0;228.0;794.0;297.5;936.0;372.5
522.0;179.0;660.0;236.0;790.0;306.5;936.0;374.5
518.0;185.0;656.0;243.0;788.0;311.5;936.0;376.5
514.0;193.0;652.0;251.0;786.0;315.5;935.0;377.5
510.0;202.0;647.0;259.0;782.0;319.5;935.0;377.5
505.0;212.0;639.0;271.0;777.0;322.5;933.0;376.5
497.0;227.0;632.0;283.0;772.0;327.5;930.0;376.5
492.0;244.0;625.0;299.0;768.0;333.5;929.0;376.5
489.0;261.0;620.0;312.0;762.0;340.5;927.0;379.5
486.0;280.0;616.0;325.0;757.0;348.5;924.0;379.5
485.0;299.0;612.0;338.0;753.0;357.5;922.0;382.5
487.0;322.0;611.0;353.0;749.0;365.5;921.0;382.5
489.0;352.0;615.0;374.0;748.0;376.5;917.0;386.5
489.0;384.0;618.0;397.0;749.0;388.5;913.0;389.5
489.0;409.0;618.0;414.0;750.0;396.5;913.0;389.5
489.0;428.0;618.0;428.0;751.0;403.5;918.0;390.5
489.0;448.0;619.0;443.0;755.0;413.5;922.0;392.5
490.0;471.0;621.0;464.0;760.0;424.5;926.0;395.5
494.0;501.0;628.0;488.0;766.0;439.5;930.0;399.5
500.0;533.0;639.0;510.0;774.0;454.5;933.0;402.5
511.0;560.0;651.0;528.0;780.0;461.5;933.0;404.5
520.0;581.0;661.0;540.0;784.0;465.5;932.0;404.5
528.0;596.0;670.0;547.0;789.0;466.5;932.0;404.5
533.0;606.0;676.0;556.0;795.0;468.5;933.0;402.5
537.0;617.0;681.0;562.0;800.0;472.5;937.0;404.5
542.0;626.0;687.0;570.0;806.0;477.5;941.0;405.5
545.0;631.0;692.0;573.0;810.0;477.5;944.0;405.5
547.0;632.0;693.5;571.5;810.0;476.5;944.0;405.5
546.0;632.0;693.5;566.5;809.0;471.5;941.0;403.5
543.0;627.0;689.5;560.5;804.0;464.5;941.0;401.5
538.5;621.5;685.5;553.5;801.0;459.5;938.0;398.5
533.5;616.5;679.5;548.5;796.0;455.5;937.0;398.5
524.5;608.5;671.5;543.5;792.0;453.5;937.0;397.5
515.5;597.5;662.5;537.5;788.0;452.5;935.0;397.5
505.5;585.5;655.5;532.5;784.0;452.5;934.0;398.5
497.5;571.5;644.5;523.5;779.0;450.5;931.0;400.5
489.5;559.5;635.5;512.5;772.0;447.5;929.0;401.5
485.0;544.0;627.5;499.5;765.0;442.5;926.0;400.5
483.0;529.0;620.5;486.5;757.0;435.5;922.0;400.5
483.0;514.0;616.0;474.0;752.0;428.5;919.0;398.5
482.0;498.0;611.0;461.0;746.0;420.5;915.0;395.5
482.0;475.0;610.0;445.0;741.0;411.5;912.0;392.5
483.0;446.0;611.0;423.0;739.0;400.5;908.0;388.5
480.0;418.0;610.0;404.0;739.0;388.5;902.0;388.5
478.0;397.0;607.0;387.0;739.0;380.5;905.0;387.5
479.0;379.0;607.0;374.0;740.5;373.0;912.0;384.5
479.0;362.0;607.0;359.0;744.5;364.0;915.0;384.5
478.0;342.0;607.0;340.0;748.5;352.0;916.0;382.5
479.0;316.0;611.0;319.0;753.5;338.0;919.0;376.5
484.0;286.0;620.0;298.0;758.5;324.0;919.0;372.5
493.0;259.0;628.0;279.0;764.5;315.0;919.0;371.5
500.0;239.0;636.0;266.0;769.5;311.0;919.0;371.5
506.0;225.0;642.0;257.0;773.5;309.0;920.0;373.5
510.0;209.0;647.0;248.0;777.5;307.0;922.0;374.5
515.0;197.0;651.0;240.0;780.5;303.0;924.0;374.5
519.0;186.0;656.0;231.0;785.5;298.0;926.0;371.5
522.0;177.0;661.0;224.0;789.5;291.0;928.0;367.5
524.0;170.0;664.0;218.0;791.5;287.0;929.0;367.5
527.0;167.0;665.0;216.0;792.5;287.0;929.0;366.5
525.0;167.0;663.0;220.0;791.5;291.0;930.0;367.5
521.0;171.0;659.0;226.0;789.5;298.0;930.0;371.5
520.0;175.0;656.0;233.0;785.5;305.0;931.0;374.5
516.0;181.0;652.0;242.0;783.5;310.0;931.0;376.5
513.5;187.5;648.0;250.0;781.5;315.0;931.0;377.5
508.5;195.5;643.0;259.0;777.5;319.0;929.0;377.5
505.5;207.5;636.0;271.0;772.5;324.0;928.0;377.5
496.5;223.5;629.0;284.0;769.5;329.0;927.0;378.5
492.5;241.5;623.0;299.0;764.5;335.0;926.0;378.5
488.0;261.0;619.0;310.0;759.5;342.0;925.0;380.5
487.0;279.0;615.0;325.0;757.5;348.0;924.0;380.5
487.0;299.0;613.0;337.0;752.5;355.0;921.0;383.5
488.0;322.0;613.0;351.0;750.5;363.0;920.0;383.5
491.0;351.0;616.0;371.0;748.5;375.0;917.0;387.5
491.0;383.0;620.0;395.0;749.5;388.0;914.0;390.5
492.0;407.0;623.0;413.0;752.5;398.0;915.0;392.5
494.0;426.0;623.0;427.0;754.5;406.0;923.0;392.5
494.0;446.0;623.0;443.0;760.0;414.5;928.0;395.5
496.0;470.0;627.0;463.0;767.0;426.5;933.0;398.5
501.0;499.0;635.0;486.0;775.0;443.5;939.0;401.5
509.0;532.0;647.0;509.0;784.0;455.5;941.0;404.5
520.0;559.0;659.0;527.0;789.0;461.5;942.0;406.5
530.0;580.0;669.0;539.0;794.0;464.5;942.0;406.5
538.0;595.0;678.0;547.0;798.0;466.5;942.0;405.5
543.0;605.0;686.0;555.0;804.0;468.5;945.0;404.5
548.0;616.0;692.0;564.0;811.0;474.5;949.0;405.5
553.0;625.0;698.0;570.0;818.0;477.5;953.0;405.5
556.0;629.0;703.5;572.5;823.0;480.5;956.5;406.0
558.0;631.0;705.5;571.5;823.0;476.5;956.5;405.0
557.0;631.0;704.5;566.5;820.0;471.5;955.5;404.0
556.0;627.0;701.5;559.5;818.0;466.5;953.5;402.0
553.0;622.0;698.5;553.5;813.0;459.5;951.5;399.0
548.0;618.0;692.5;548.5;809.0;455.5;951.0;397.5
540.0;609.0;686.5;542.5;806.0;453.5;950.0;397.5
530.5;599.5;677.5;538.5;802.0;452.5;950.0;398.5
520.5;586.5;669.5;533.5;797.5;451.5;949.0;398.5
512.5;573.5;659.5;524.5;793.5;450.5;948.0;400.5
506.5;561.5;650.5;514.5;786.5;447.5;944.0;400.5
502.5;547.5;642.5;501.5;778.5;443.5;941.0;401.5
498.5;531.5;635.5;488.5;773.5;437.5;937.0;401.5
498.0;517.0;630.5;477.5;765.5;428.5;934.0;399.5
497.0;501.0;627.5;464.5;760.5;422.5;931.0;398.5
498.0;479.0;625.5;449.5;756.5;413.5;928.0;395.5
499.0;449.0;627.5;428.5;753.5;402.5;923.0;392.5
495.0;422.0;624.5;408.5;754.5;392.5;917.0;392.5
493.5;401.5;622.5;392.5;753.5;385.5;921.0;391.5
493.5;383.5;621.5;379.5;754.5;378.5;927.0;388.5
493.5;367.5;621.5;365.5;758.5;368.5;930.0;388.5
493.5;346.5;622.5;345.5;762.5;356.5;930.0;386.5
494.0;321.0;626.5;324.5;767.5;341.5;933.0;380.5
499.0;290.0;634.5;303.5;772.5;327.5;933.0;376.5
507.0;264.0;642.5;283.5;779.5;318.5;933.0;375.5
